,emoji,channel,sentiment,re_emoji
0,:),,pos,:\)
1,：）,,pos,：\）
2,:-),,pos,:-\)
3,:-D,,pos,:-D
4,:-P,,pos,:-P
5,;-),,pos,;-\)
6,☻,,pos,☻
7,♡,,pos,♡
8,WOW,,pos,WOW
9,wow,,pos,wow
10,Wow,,pos,Wow
11,\^\w\^,,pos,\^\w\^
12,\^_+\^,,pos,\^_+\^
13,⊙\w⊙,,pos,⊙\w⊙
14,∩\w∩,,pos,∩\w∩
15,≧\w+≦,,pos,≧\w+≦
16,>\w+<,,pos,>\w+<
17,~~~+,,pos,~~~+
18,��,,pos,😀
19,��,,pos,😃
20,��,,pos,😄
21,��,,pos,😁
22,��,,pos,😆
23,��,,pos,😅
24,��,,pos,🤣
25,��,,pos,😂
26,��,,pos,🙂
27,��,,pos,😉
28,��,,pos,😊
29,��,,pos,😇
30,��,,pos,🥰
31,��,,pos,😍
32,��,,pos,🤩
33,��,,pos,😘
34,��,,pos,😗
35,☺️,,pos,☺️
36,��,,pos,😚
37,��,,pos,😙
38,��,,pos,😋
39,��,,pos,😛
40,��,,pos,😜
41,��,,pos,🤪
42,��,,pos,😝
43,��,,pos,🤑
44,��,,pos,🤗
45,��,,pos,🤭
46,��,,pos,😏
47,��,,pos,🤤
48,��,,pos,🥳
49,��,,pos,😎
50,��,,pos,😸
51,��,,pos,😹
52,��,,pos,😻
53,��,,pos,😼
54,��,,pos,😽
55,��,,pos,💋
56,��,,pos,💌
57,��,,pos,💘
58,��,,pos,💝
59,��,,pos,💖
60,��,,pos,💗
61,��,,pos,💓
62,��,,pos,💞
63,��,,pos,💕
64,��,,pos,💟
65,❣️,,pos,❣️
66,❤️,,pos,❤️
67,��,,pos,🧡
68,��,,pos,💛
69,��,,pos,💚
70,��,,pos,💙
71,��,,pos,💜
72,��,,pos,💯
73,✌️,,pos,✌️
74,��,,pos,🤟
75,��,,pos,👍
76,��,,pos,👏
77,��,,pos,💪
78,��,,pos,💏
79,��‍❤️‍💋‍👨,,pos,👩‍❤️‍💋‍👨
80,��‍❤️‍💋‍👨,,pos,👨‍❤️‍💋‍👨
81,��‍❤️‍💋‍👩,,pos,👩‍❤️‍💋‍👩
82,��,,pos,💑
83,��‍❤️‍👨,,pos,👩‍❤️‍👨
84,��‍❤️‍👨,,pos,👨‍❤️‍👨
85,��‍❤️‍👩,,pos,👩‍❤️‍👩
86,��,,pos,💐
87,��,,pos,🌸
88,��,,pos,💮
89,��️,,pos,🏵️
90,��,,pos,🌹
91,��,,pos,🌺
92,��,,pos,🌻
93,��,,pos,🌼
94,��,,pos,🌷
95,��,,pos,🌈
96,��,,pos,🎃
97,��,,pos,🎄
98,��,,pos,🎆
99,��,,pos,🎇
100,��,,pos,🧨
101,✨,,pos,✨
102,��,,pos,🎈
103,��,,pos,🎉
104,��,,pos,🎊
105,��,,pos,🎋
106,��,,pos,🎍
107,��,,pos,🎑
108,��,,pos,🧧
109,��,,pos,🎀
110,��,,pos,🎁
111,��️,,pos,🎖️
112,��,,pos,🏆
113,��,,pos,🏅
114,��,,pos,🥇
115,��,,pos,🥈
116,��,,pos,🥉
117,✅,,pos,✅
118,☑️,,pos,☑️
119,✔️,,pos,✔️
120,㊗️,,pos,㊗️
121,♥️,,pos,♥️
122,��,,neu,😰
123,��,,neu,😥
124,��,,neu,😖
125,��,,neu,😣
126,��,,neu,😞
127,��,,neu,😩
128,��,,neu,😫
129,��,,neg,😤
130,��,,neg,😡
131,��,,neg,😠
132,��,,neg,🤬
133,��,,neg,👿
134,��,,neg,👎
135,��,,neg,💔
136,❤️‍🔥,,pos,❤️‍🔥
137,❤️‍🩹,,neg,❤️‍🩹
138,❌,,neg,❌
139,❎,,neg,❎
140,[比心],douyin,pos,\[比心\]
141,[微笑R],xiaohongshu,pos,\[微笑R\]
142,[色色R],xiaohongshu,pos,\[色色R\]
143,[surprised],tiktok,pos,\[surprised\]
144,[哇],wechat,pos,\[哇\]
145,[萌萌哒R],xiaohongshu,pos,\[萌萌哒R\]
146,[good],weibo,pos,\[good\]
147,[让我看看],wechat,neu,\[让我看看\]
148,[complacent],tiktok,pos,\[complacent\]
149,[暗中观察R],xiaohongshu,neu,\[暗中观察R\]
150,[送心],douyin,pos,\[送心\]
151,[鲜花],weibo,pos,\[鲜花\]
152,[喝奶茶R],xiaohongshu,pos,\[喝奶茶R\]
153,[灵机一动],douyin,pos,\[灵机一动\]
154,[wronged],tiktok,neg,\[wronged\]
155,[喵喵],weibo,pos,\[喵喵\]
156,[Emm],wechat,neu,\[Emm\]
157,[不失礼貌的微笑],douyin,neu,\[不失礼貌的微笑\]
158,[社会社会],wechat,pos,\[社会社会\]
159,[黄金薯R],xiaohongshu,pos,\[黄金薯R\]
160,[facewithrollingeyes],tiktok,neu,\[facewithrollingeyes\]
161,[weep],tiktok,neu,\[weep\]
162,[抱一抱],weibo,pos,\[抱一抱\]
163,[wicked],tiktok,neu,\[wicked\]
164,[兔子],weibo,pos,\[兔子\]
165,[污],weibo,neu,\[污\]
166,[Doge],wechat,pos,\[Doge\]
167,[买爆R],xiaohongshu,pos,\[买爆R\]
168,[合十],wechat,pos,\[合十\]
169,[抱抱],weibo,pos,\[抱抱\]
170,[跳跳],wechat,pos,\[跳跳\]
171,[awsl],weibo,pos,\[awsl\]
172,[转圈],wechat,pos,\[转圈\]
173,[尬笑],douyin,pos,\[尬笑\]
174,[好爱哦],weibo,pos,\[好爱哦\]
175,[扯脸H],xiaohongshu,neu,\[扯脸H\]
176,[呆无辜],douyin,neu,\[呆无辜\]
177,[embarrassed],tiktok,neu,\[embarrassed\]
178,[笑而不语],weibo,pos,\[笑而不语\]
179,[sulk],tiktok,neu,\[sulk\]
180,[一起加油],douyin,pos,\[一起加油\]
181,[求关注],weibo,pos,\[求关注\]
182,[流汗],wechat,neu,\[流汗\]
183,[生气R],xiaohongshu,neg,\[生气R\]
184,[黑脸],douyin,neu,\[黑脸\]
185,[赞啊],weibo,pos,\[赞啊\]
186,[单身狗],weibo,neu,\[单身狗\]
187,[自拍R],xiaohongshu,pos,\[自拍R\]
188,[得意R],xiaohongshu,pos,\[得意R\]
189,[Hurt],wechat,neu,\[Hurt\]
190,[吧唧R],xiaohongshu,pos,\[吧唧R\]
191,[并不简单],weibo,pos,\[并不简单\]
192,[春游家族],weibo,pos,\[春游家族\]
193,[玉兔],weibo,pos,\[玉兔\]
194,[笑哈哈],weibo,pos,\[笑哈哈\]
195,[庆祝],wechat,pos,\[庆祝\]
196,[偷乐],weibo,pos,\[偷乐\]
197,[中国赞],weibo,pos,\[中国赞\]
198,[Lol],wechat,pos,\[Lol\]
199,[Sob],wechat,neu,\[Sob\]
200,[作揖],weibo,pos,\[作揖\]
201,[微风],weibo,pos,\[微风\]
202,[LetMeSee],wechat,neu,\[LetMeSee\]
203,[发抖],wechat,neu,\[发抖\]
204,[吐舌头H],xiaohongshu,pos,\[吐舌头H\]
205,[绝望的凝视],douyin,neu,\[绝望的凝视\]
206,[酷拽],douyin,neu,\[酷拽\]
207,[怄火],wechat,neu,\[怄火\]
208,[求饶],weibo,neu,\[求饶\]
209,[爱慕],douyin,pos,\[爱慕\]
210,[流淚],wechat,neu,\[流淚\]
211,[天啊],wechat,pos,\[天啊\]
212,[酸],weibo,pos,\[酸\]
213,[haha],weibo,pos,\[haha\]
214,[抓狂R],xiaohongshu,neg,\[抓狂R\]
215,[shout],tiktok,neu,\[shout\]
216,[掩面],wechat,pos,\[掩面\]
217,[加油加油],wechat,pos,\[加油加油\]
218,[Drool],wechat,pos,\[Drool\]
219,[Wow],wechat,pos,\[Wow\]
220,[叹气R],xiaohongshu,neu,\[叹气R\]
221,[挖鼻],weibo,neu,\[挖鼻\]
222,[Smirk],wechat,pos,\[Smirk\]
223,[傲慢],wechat,neu,\[傲慢\]
224,[Grin],wechat,pos,\[Grin\]
225,[吃瓜R],xiaohongshu,pos,\[吃瓜R\]
226,[笑脸],wechat,pos,\[笑脸\]
227,[tears],tiktok,neu,\[tears\]
228,[Hey],wechat,pos,\[Hey\]
229,[stun],tiktok,neu,\[stun\]
230,[Heart],wechat,pos,\[Heart\]
231,[抠鼻R],xiaohongshu,neu,\[抠鼻R\]
232,[凋谢],wechat,neg,\[凋谢\]
233,[可怜R],xiaohongshu,neu,\[可怜R\]
234,[费解],weibo,neu,\[费解\]
235,[杰瑞],weibo,pos,\[杰瑞\]
236,[Rose],wechat,pos,\[Rose\]
237,[Chuckle],wechat,pos,\[Chuckle\]
238,[鸡],wechat,pos,\[鸡\]
239,[扶墙R],xiaohongshu,neg,\[扶墙R\]
240,[Smart],wechat,pos,\[Smart\]
241,[cool],tiktok,pos,\[cool\]
242,[震惊],douyin,neu,\[震惊\]
243,[ThumbsUp],wechat,pos,\[ThumbsUp\]
244,[怒],weibo,neg,\[怒\]
245,[来看我],douyin,pos,\[来看我\]
246,[黑薯问号R],xiaohongshu,neu,\[黑薯问号R\]
247,[smileface],tiktok,pos,\[smileface\]
248,[greedy],tiktok,pos,\[greedy\]
249,[大金牙],douyin,pos,\[大金牙\]
250,[威武],weibo,pos,\[威武\]
251,[冷汗],wechat,neu,\[冷汗\]
252,[proud],tiktok,pos,\[proud\]
253,[Broken],wechat,neu,\[Broken\]
254,[shock],tiktok,neu,\[shock\]
255,[干杯],weibo,pos,\[干杯\]
256,[Party],wechat,pos,\[Party\]
257,[牛哞哞],weibo,pos,\[牛哞哞\]
258,[掌宝荧光棒],weibo,pos,\[掌宝荧光棒\]
259,[Respect],wechat,pos,\[Respect\]
260,[Onlooker],wechat,pos,\[Onlooker\]
261,[掌宝爱心],weibo,pos,\[掌宝爱心\]
262,[GoForIt],wechat,pos,\[GoForIt\]
263,[愛心],wechat,pos,\[愛心\]
264,[小鼓掌],douyin,pos,\[小鼓掌\]
265,[拜拜],weibo,pos,\[拜拜\]
266,[哆啦A梦吃惊],weibo,neu,\[哆啦A梦吃惊\]
267,[胡瓜],douyin,neu,\[胡瓜\]
268,[難受],wechat,neu,\[難受\]
269,[暖一下],weibo,pos,\[暖一下\]
270,[灵光一闪],"wechat,douyin",pos,\[灵光一闪\]
271,[Blush],wechat,neu,\[Blush\]
272,[我想静静],douyin,neu,\[我想静静\]
273,[NoProb],wechat,pos,\[NoProb\]
274,[航天员],weibo,pos,\[航天员\]
275,[熊猫],weibo,pos,\[熊猫\]
276,[讓我看看],wechat,neu,\[讓我看看\]
277,[紫薇别走],douyin,neu,\[紫薇别走\]
278,[围观],weibo,pos,\[围观\]
279,[脸红],wechat,neu,\[脸红\]
280,[Concerned],wechat,neu,\[Concerned\]
281,[吼嘿],wechat,pos,\[吼嘿\]
282,[惊恐R],xiaohongshu,neg,\[惊恐R\]
283,[Sigh],wechat,neu,\[Sigh\]
284,[Fireworks],wechat,pos,\[Fireworks\]
285,[祈祷],douyin,pos,\[祈祷\]
286,[鄙视R],xiaohongshu,neu,\[鄙视R\]
287,[一言難盡],wechat,neu,\[一言難盡\]
288,[摸头],douyin,pos,\[摸头\]
289,[绝],douyin,pos,\[绝\]
290,[巧克力],douyin,pos,\[巧克力\]
291,[Joyful],wechat,pos,\[Joyful\]
292,[不看],douyin,neu,\[不看\]
293,[红脸],douyin,neu,\[红脸\]
294,[Salute],wechat,pos,\[Salute\]
295,[来],weibo,pos,\[来\]
296,[Whimper],wechat,neu,\[Whimper\]
297,[rage],tiktok,neg,\[rage\]
298,[Smile],wechat,pos,\[Smile\]
299,[怒骂],weibo,neg,\[怒骂\]
300,[飞机],weibo,pos,\[飞机\]
301,[钢铁侠],weibo,pos,\[钢铁侠\]
302,[再见R],xiaohongshu,pos,\[再见R\]
303,[吃惊],weibo,neu,\[吃惊\]
304,[淚],weibo,neu,\[淚\]
305,[吐血],douyin,neu,\[吐血\]
306,[带着微博去旅行],weibo,pos,\[带着微博去旅行\]
307,[蜡烛],weibo,pos,\[蜡烛\]
308,[如花],douyin,pos,\[如花\]
309,[音乐],weibo,pos,\[音乐\]
310,[evil],tiktok,neg,\[evil\]
311,[吃瓜群众],douyin,pos,\[吃瓜群众\]
312,[slap],tiktok,neu,\[slap\]
313,[惊呆],douyin,neu,\[惊呆\]
314,[大侦探皮卡丘微笑],weibo,pos,\[大侦探皮卡丘微笑\]
315,[CoolGuy],wechat,pos,\[CoolGuy\]
316,[強],wechat,pos,\[強\]
317,[浩克],weibo,pos,\[浩克\]
318,[iloveyou],douyin,pos,\[iloveyou\]
319,[吐彩虹],douyin,neu,\[吐彩虹\]
320,[哆啦A梦花心],weibo,pos,\[哆啦A梦花心\]
321,[感冒],weibo,neu,\[感冒\]
322,[Hug],wechat,pos,\[Hug\]
323,[Boring],wechat,neu,\[Boring\]
324,[Cry],wechat,neu,\[Cry\]
325,[弗莱见钱眼开],weibo,pos,\[弗莱见钱眼开\]
326,[浮云],weibo,pos,\[浮云\]
327,[美国队长],weibo,pos,\[美国队长\]
328,[男孩儿],weibo,pos,\[男孩儿\]
329,[无语],wechat,neu,\[无语\]
330,[女孩儿],weibo,pos,\[女孩儿\]
331,[生而为赢],weibo,pos,\[生而为赢\]
332,[顶],weibo,neu,\[顶\]
333,[Grimace],wechat,neu,\[Grimace\]
334,[惊奇队长],weibo,pos,\[惊奇队长\]
335,[蜘蛛侠],weibo,pos,\[蜘蛛侠\]
336,[浪],weibo,pos,\[浪\]
337,[微笑袋鼠],douyin,pos,\[微笑袋鼠\]
338,[皺眉],wechat,neu,\[皺眉\]
339,[击掌],douyin,pos,\[击掌\]
340,[Worship],wechat,pos,\[Worship\]
341,[Twirl],wechat,pos,\[Twirl\]
342,[鹰眼],weibo,pos,\[鹰眼\]
343,[话筒],weibo,pos,\[话筒\]
344,[掌宝加油],weibo,pos,\[掌宝加油\]
345,[奇异博士],weibo,pos,\[奇异博士\]
346,[菜刀],wechat,neg,\[菜刀\]
347,[沙尘暴],weibo,pos,\[沙尘暴\]
348,[斜眼],douyin,neu,\[斜眼\]
349,[Trick],wechat,pos,\[Trick\]
350,[哆啦A梦无奈],weibo,neu,\[哆啦A梦无奈\]
351,[放假],weibo,pos,\[放假\]
352,[钟],weibo,pos,\[钟\]
353,[空星],weibo,pos,\[空星\]
354,[凝视],douyin,pos,\[凝视\]
355,[崩潰],wechat,neu,\[崩潰\]
356,[黑寡妇],weibo,pos,\[黑寡妇\]
357,[Waddle],wechat,pos,\[Waddle\]
358,[發],wechat,pos,\[發\]
359,[哆啦A梦汗],weibo,neu,\[哆啦A梦汗\]
360,[灭霸],weibo,pos,\[灭霸\]
361,[胖丁微笑],weibo,pos,\[胖丁微笑\]
362,[冬兵],weibo,pos,\[冬兵\]
363,[粽子],douyin,pos,\[粽子\]
364,[求抱抱],douyin,pos,\[求抱抱\]
365,[蚁人],weibo,pos,\[蚁人\]
366,[无限手套],weibo,pos,\[无限手套\]
367,[奥克耶],weibo,pos,\[奥克耶\]
368,[哆啦A梦美味],weibo,pos,\[哆啦A梦美味\]
369,[哆啦A梦开心],weibo,pos,\[哆啦A梦开心\]
370,[失敬失敬],wechat,pos,\[失敬失敬\]
371,[听歌],douyin,pos,\[听歌\]
372,[洛基],weibo,pos,\[洛基\]
373,[半星],weibo,pos,\[半星\]
374,[螳螂妹],weibo,pos,\[螳螂妹\]
375,[哆啦A梦笑],weibo,pos,\[哆啦A梦笑\]
376,[照相机],weibo,pos,\[照相机\]
377,[睡觉R],xiaohongshu,pos,\[睡觉R\]
378,[NosePick],wechat,neu,\[NosePick\]
379,[米妮开心],weibo,pos,\[米妮开心\]
380,[做鬼脸],douyin,pos,\[做鬼脸\]
381,[吃西瓜],wechat,pos,\[吃西瓜\]
382,[發呆],wechat,neu,\[發呆\]
383,[最右],weibo,neu,\[最右\]
384,[围脖],weibo,pos,\[围脖\]
385,[五仁月饼],weibo,pos,\[五仁月饼\]
386,[摳鼻],wechat,neu,\[摳鼻\]
387,[花心],weibo,pos,\[花心\]
388,[格鲁特],weibo,pos,\[格鲁特\]
389,[紫金草],weibo,pos,\[紫金草\]
390,[米奇大哭],weibo,neu,\[米奇大哭\]
391,[雷神],weibo,pos,\[雷神\]
392,[掌宝卖萌],weibo,pos,\[掌宝卖萌\]
393,[碰拳],douyin,pos,\[碰拳\]
394,[猩红女巫],weibo,pos,\[猩红女巫\]
395,[下雨],weibo,pos,\[下雨\]
396,[星爵],weibo,pos,\[星爵\]
397,[神马],weibo,pos,\[神马\]
398,[胖虎微笑],weibo,pos,\[胖虎微笑\]
399,[世界微尘里],weibo,pos,\[世界微尘里\]
400,[Bye],wechat,neu,\[Bye\]
401,[肥皂],weibo,pos,\[肥皂\]
402,[喜],weibo,pos,\[喜\]
403,[哆啦A梦亲亲],weibo,pos,\[哆啦A梦亲亲\]
404,[看跌],weibo,pos,\[看跌\]
405,[小夫微笑],weibo,pos,\[小夫微笑\]
406,[马到成功],weibo,pos,\[马到成功\]
407,[绿丝带],weibo,pos,\[绿丝带\]
408,[星星],weibo,pos,\[星星\]
409,[Aloha],weibo,pos,\[Aloha\]
410,[OMG],wechat,pos,\[OMG\]
411,[必胜],douyin,pos,\[必胜\]
412,[Kiss],wechat,pos,\[Kiss\]
413,[TearingUp],wechat,neu,\[TearingUp\]
414,[擁抱],wechat,pos,\[擁抱\]
415,[佩奇],weibo,pos,\[佩奇\]
416,[便便],wechat,neu,\[便便\]
417,[Sly],wechat,pos,\[Sly\]
418,[炸弹],wechat,pos,\[炸弹\]
419,[大雄微笑],weibo,pos,\[大雄微笑\]
420,[伴我同行],weibo,pos,\[伴我同行\]
421,[米妮爱你],weibo,pos,\[米妮爱你\]
422,[MyBad],wechat,neu,\[MyBad\]
423,[静香微笑],weibo,pos,\[静香微笑\]
424,[黑豹],weibo,pos,\[黑豹\]
425,[發抖],wechat,neu,\[發抖\]
426,[米妮酷炫],weibo,pos,\[米妮酷炫\]
427,[歐耶],wechat,pos,\[歐耶\]
428,[圣诞老人],weibo,pos,\[圣诞老人\]
429,[機智],wechat,pos,\[機智\]
430,[掌宝星星眼],weibo,pos,\[掌宝星星眼\]
431,[织],weibo,pos,\[织\]
432,[勝利],wechat,pos,\[勝利\]
433,[Laugh],wechat,pos,\[Laugh\]
434,[Scowl],wechat,neu,\[Scowl\]
435,[冲锋队员],weibo,pos,\[冲锋队员\]
436,[加好友],douyin,pos,\[加好友\]
437,[幻视],weibo,pos,\[幻视\]
438,[看涨],weibo,pos,\[看涨\]
439,[文明遛狗],weibo,pos,\[文明遛狗\]
440,[草泥马],weibo,pos,\[草泥马\]
441,[情书],douyin,pos,\[情书\]
442,[水稻],weibo,pos,\[水稻\]
443,[米奇喜欢],weibo,pos,\[米奇喜欢\]
444,[米妮紧张],weibo,pos,\[米妮紧张\]
445,[Clap],wechat,pos,\[Clap\]
446,[炸鸡啤酒],weibo,pos,\[炸鸡啤酒\]
447,[V5],douyin,pos,\[V5\]
448,[三三蹦跳],weibo,pos,\[三三蹦跳\]
449,[2021],weibo,pos,\[2021\]
450,[气球],douyin,pos,\[气球\]
451,[可乐],weibo,pos,\[可乐\]
452,[牛轰轰拥抱],weibo,pos,\[牛轰轰拥抱\]
453,[熊吉],douyin,pos,\[熊吉\]
454,[再見],wechat,neu,\[再見\]
455,[火],douyin,pos,\[火\]
456,[Tremble],wechat,neu,\[Tremble\]
457,[Happy],wechat,pos,\[Happy\]
458,[嘆息],wechat,neu,\[嘆息\]
459,[Blessing],wechat,pos,\[Blessing\]
460,[握爪],douyin,pos,\[握爪\]
461,[转发],weibo,pos,\[转发\]
462,[勤洗手],douyin,pos,\[勤洗手\]
463,[红灯笼],weibo,pos,\[红灯笼\]
464,[吃狗粮],weibo,pos,\[吃狗粮\]
465,[冷漠],douyin,neu,\[冷漠\]
466,[戴口罩],douyin,pos,\[戴口罩\]
467,[我酸了],douyin,pos,\[我酸了\]
468,[Determined],wechat,pos,\[Determined\]
469,[Angry],wechat,neg,\[Angry\]
470,[Firecracker],wechat,pos,\[Firecracker\]
471,[ali做鬼脸],weibo,pos,\[ali做鬼脸\]
472,[ala么么],weibo,pos,\[ala么么\]
473,[为爱发光],weibo,pos,\[为爱发光\]
474,[牛牛哒],weibo,pos,\[牛牛哒\]
475,[推荐],weibo,pos,\[推荐\]
476,[飞镖黄跳舞],weibo,pos,\[飞镖黄跳舞\]
477,[陰險],wechat,pos,\[陰險\]
478,[Shocked],wechat,neu,\[Shocked\]
479,[KeepFighting],wechat,pos,\[KeepFighting\]
480,[Sweat],wechat,pos,\[Sweat\]
481,[悲傷],weibo,neu,\[悲傷\]
482,[掌宝可怜],weibo,pos,\[掌宝可怜\]
483,[打臉],wechat,neu,\[打臉\]
484,[牡丹],weibo,pos,\[牡丹\]
485,[撒花],douyin,pos,\[撒花\]
486,[Lips],wechat,pos,\[Lips\]
487,[Sweats],wechat,neu,\[Sweats\]
488,[LetDown],wechat,neu,\[LetDown\]
489,[BOBO爱你],weibo,pos,\[BOBO爱你\]
490,[达斯维达],weibo,pos,\[达斯维达\]
491,[Beckon],wechat,pos,\[Beckon\]
492,[萌翻],weibo,pos,\[萌翻\]
493,[轉圈],wechat,pos,\[轉圈\]
494,[Duh],wechat,neu,\[Duh\]
495,[胡巴伤心],weibo,neu,\[胡巴伤心\]
496,[難過],wechat,neu,\[難過\]
497,[BrokenHeart],wechat,neg,\[BrokenHeart\]
498,[Sick],wechat,neu,\[Sick\]
499,[Wilt],wechat,neg,\[Wilt\]
500,[扎心],douyin,neu,\[扎心\]
501,[炸鸡腿],weibo,pos,\[炸鸡腿\]
502,[爱],"wechat,weibo",pos,\[爱\]
503,[Frown],wechat,neu,\[Frown\]
504,[Shrunken],wechat,neu,\[Shrunken\]
505,[小V生气],weibo,pos,\[小V生气\]
506,[Flushed],wechat,neu,\[Flushed\]
507,[左上],douyin,neu,\[左上\]
508,[吻],douyin,pos,\[吻\]
509,[尷尬],wechat,neu,\[尷尬\]
510,[小黄人惊讶],weibo,pos,\[小黄人惊讶\]
511,[右边],douyin,neu,\[右边\]
512,[ali不公平],weibo,neu,\[ali不公平\]
513,[Tongue],wechat,pos,\[Tongue\]
514,[ali吐血],weibo,neu,\[ali吐血\]
515,[din抓狂],weibo,neu,\[din抓狂\]
516,[Sun],wechat,pos,\[Sun\]
517,[BB8],weibo,pos,\[BB8\]
518,[小黄人委屈],weibo,neu,\[小黄人委屈\]
519,[小黄人无奈],weibo,neu,\[小黄人无奈\]
520,[小黄人微笑],weibo,pos,\[小黄人微笑\]
521,[哪吒开心],weibo,pos,\[哪吒开心\]
522,[悠閑],wechat,neu,\[悠閑\]
523,[丘巴卡],weibo,pos,\[丘巴卡\]
524,[Shake],wechat,pos,\[Shake\]
525,[小丑],weibo,pos,\[小丑\]
526,[冰雪奇缘艾莎],weibo,pos,\[冰雪奇缘艾莎\]
527,[ali冤],weibo,neu,\[ali冤\]
528,[我爱爸爸],weibo,pos,\[我爱爸爸\]
529,[胖红生气],weibo,pos,\[胖红生气\]
530,[BOBO赞],weibo,pos,\[BOBO赞\]
531,[睡大觉],weibo,pos,\[睡大觉\]
532,[ali风筝],weibo,pos,\[ali风筝\]
533,[金牛],weibo,pos,\[金牛\]
534,[ali想],weibo,pos,\[ali想\]
535,[ali鲜花],weibo,pos,\[ali鲜花\]
536,[怕怕],weibo,neu,\[怕怕\]
537,[R2D2],weibo,pos,\[R2D2\]
538,[din拍手],weibo,pos,\[din拍手\]
539,[ko],tiktok,pos,\[ko\]
540,[欢腾去爱],weibo,pos,\[欢腾去爱\]
541,[飞个吻],weibo,pos,\[飞个吻\]
542,[小黄人得意],weibo,pos,\[小黄人得意\]
543,[欢乐购车季],weibo,pos,\[欢乐购车季\]
544,[放电抛媚],weibo,pos,\[放电抛媚\]
545,[爆发],weibo,pos,\[爆发\]
546,[大毛惊讶],weibo,pos,\[大毛惊讶\]
547,[灯笼],douyin,pos,\[灯笼\]
548,[千古玦尘],weibo,pos,\[千古玦尘\]
549,[Shhh],wechat,neu,\[Shhh\]
550,[Terror],wechat,neu,\[Terror\]
551,[戒指],douyin,pos,\[戒指\]
552,[能量少女耶],weibo,pos,\[能量少女耶\]
553,[炸弹黑hi],weibo,pos,\[炸弹黑hi\]
554,[鼾睡],douyin,neu,\[鼾睡\]
555,[点亮橙色],weibo,pos,\[点亮橙色\]
556,[小黄人不屑],weibo,neg,\[小黄人不屑\]
557,[超人爸爸],weibo,pos,\[超人爸爸\]
558,[去污粉],douyin,neg,\[去污粉\]
559,[小黄人坏笑],weibo,pos,\[小黄人坏笑\]
560,[海王],weibo,pos,\[海王\]
561,[Rich],wechat,pos,\[Rich\]
562,[佐伊卖萌],weibo,pos,\[佐伊卖萌\]
563,[凯洛伦],weibo,pos,\[凯洛伦\]
564,[酷炫街舞给手],weibo,pos,\[酷炫街舞给手\]
565,[調皮],wechat,pos,\[調皮\]
566,[bobo抓狂],weibo,neu,\[bobo抓狂\]
567,[掌宝哭泣],weibo,pos,\[掌宝哭泣\]
568,[親親],wechat,pos,\[親親\]
569,[噢耶],weibo,pos,\[噢耶\]
570,[白羊],weibo,pos,\[白羊\]
571,[金榜题名],weibo,pos,\[金榜题名\]
572,[高考必胜],weibo,pos,\[高考必胜\]
573,[狮子王],weibo,pos,\[狮子王\]
574,[正义联盟logo],weibo,pos,\[正义联盟logo\]
575,[ali送礼物],weibo,pos,\[ali送礼物\]
576,[发呆中],weibo,neu,\[发呆中\]
577,[给跪了],douyin,neu,\[给跪了\]
578,[调休],weibo,pos,\[调休\]
579,[电视机],weibo,pos,\[电视机\]
580,[风],weibo,pos,\[风\]
581,[阴天],weibo,neu,\[阴天\]
582,[gbz得意],weibo,pos,\[gbz得意\]
583,[gbz真穿越],weibo,pos,\[gbz真穿越\]
584,[发],douyin,pos,\[发\]
585,[胖红微笑],weibo,pos,\[胖红微笑\]
586,[左边],douyin,neu,\[左边\]
587,[哪吒得意],weibo,pos,\[哪吒得意\]
588,[汤姆],weibo,pos,\[汤姆\]
589,[小黄人高兴],weibo,pos,\[小黄人高兴\]
590,[雪花],weibo,pos,\[雪花\]
591,[牛大发],weibo,pos,\[牛大发\]
592,[加鸡腿],douyin,pos,\[加鸡腿\]
593,[小黄人白眼],weibo,neu,\[小黄人白眼\]
594,[糗大了],wechat,neu,\[糗大了\]
595,[Smug],wechat,neu,\[Smug\]
596,[暈],wechat,neu,\[暈\]
597,[Pig],wechat,pos,\[Pig\]
598,[奮鬥],wechat,pos,\[奮鬥\]
599,[哪吒委屈],weibo,neu,\[哪吒委屈\]
600,[ala爱国],weibo,pos,\[ala爱国\]
601,[ali转圈哭],weibo,pos,\[ali转圈哭\]
602,[加油啊],weibo,pos,\[加油啊\]
603,[ali蹭],weibo,pos,\[ali蹭\]
604,[ali来吧],weibo,pos,\[ali来吧\]
605,[ali飞],weibo,pos,\[ali飞\]
606,[ali哇],weibo,pos,\[ali哇\]
607,[ali追],weibo,pos,\[ali追\]
608,[Toasted],wechat,neu,\[Toasted\]
609,[右太极],wechat,pos,\[右太极\]
610,[吓],wechat,neu,\[吓\]
611,[Beer],wechat,pos,\[Beer\]
612,[Watermelon],wechat,pos,\[Watermelon\]
613,[Coffee],wechat,pos,\[Coffee\]
614,[展览锦鲤],wechat,pos,\[展览锦鲤\]
615,[Speechless],wechat,neu,\[Speechless\]
616,[Yawn],wechat,neu,\[Yawn\]
617,[Packet],wechat,pos,\[Packet\]
618,[Fist],wechat,pos,\[Fist\]
619,[Puke],wechat,neg,\[Puke\]
620,[真诚脸],wechat,pos,\[真诚脸\]
621,[期待],wechat,pos,\[期待\]
622,[Dizzy],wechat,neu,\[Dizzy\]
623,[Peace],wechat,pos,\[Peace\]
624,[Drowsy],wechat,neu,\[Drowsy\]
625,[武汉加油],weibo,pos,\[武汉加油\]
626,[din撞墙],weibo,neu,\[din撞墙\]
627,[胖红拽],weibo,pos,\[胖红拽\]
628,[小V开心],weibo,pos,\[小V开心\]
629,[蕾伊],weibo,pos,\[蕾伊\]
630,[小猪惊讶],weibo,pos,\[小猪惊讶\]
631,[Surprise],wechat,pos,\[Surprise\]
632,[Slight],wechat,neu,\[Slight\]
633,[Scream],wechat,neg,\[Scream\]
634,[Awkward],wechat,neu,\[Awkward\]
635,[鄙視],wechat,neg,\[鄙視\]
636,[微笑],wechat,pos,\[微笑\]
637,[撇嘴],wechat,neu,\[撇嘴\]
638,[色],wechat,pos,\[色\]
639,[得意],wechat,pos,\[得意\]
640,[害羞],wechat,pos,\[害羞\]
641,[閉嘴],wechat,neu,\[閉嘴\]
642,[睡],wechat,neu,\[睡\]
643,[大哭],wechat,neu,\[大哭\]
644,[發怒],wechat,neg,\[發怒\]
645,[呲牙],wechat,pos,\[呲牙\]
646,[驚訝],wechat,pos,\[驚訝\]
647,[酷],wechat,pos,\[酷\]
648,[囧],wechat,neu,\[囧\]
649,[抓狂],wechat,neg,\[抓狂\]
650,[吐],wechat,neg,\[吐\]
651,[偷笑],wechat,pos,\[偷笑\]
652,[愉快],wechat,pos,\[愉快\]
653,[白眼],wechat,neu,\[白眼\]
654,[困],wechat,neu,\[困\]
655,[驚恐],wechat,neg,\[驚恐\]
656,[大笑],wechat,pos,\[大笑\]
657,[悠闲],wechat,neu,\[悠闲\]
658,[咒罵],wechat,neg,\[咒罵\]
659,[疑問],wechat,neu,\[疑問\]
660,[噓],wechat,neu,\[噓\]
661,[衰],wechat,neu,\[衰\]
662,[骷髏頭],wechat,neu,\[骷髏頭\]
663,[敲打],wechat,neu,\[敲打\]
664,[擦汗],wechat,neu,\[擦汗\]
665,[鼓掌],wechat,pos,\[鼓掌\]
666,[壞笑],wechat,pos,\[壞笑\]
667,[左哼哼],wechat,neu,\[左哼哼\]
668,[右哼哼],wechat,neu,\[右哼哼\]
669,[哈欠],wechat,neu,\[哈欠\]
670,[委屈],wechat,neu,\[委屈\]
671,[快哭了],wechat,neu,\[快哭了\]
672,[嚇],wechat,neu,\[嚇\]
673,[可憐],wechat,neu,\[可憐\]
674,[笑臉],wechat,pos,\[笑臉\]
675,[生病],wechat,neu,\[生病\]
676,[臉紅],wechat,neu,\[臉紅\]
677,[破涕為笑],wechat,pos,\[破涕為笑\]
678,[恐懼],wechat,neu,\[恐懼\]
679,[失望],wechat,neu,\[失望\]
680,[無語],wechat,neu,\[無語\]
681,[奸笑],wechat,pos,\[奸笑\]
682,[吃瓜],wechat,pos,\[吃瓜\]
683,[加油],wechat,pos,\[加油\]
684,[汗],wechat,neu,\[汗\]
685,[旺柴],wechat,pos,\[旺柴\]
686,[好的],wechat,pos,\[好的\]
687,[翻白眼],wechat,neu,\[翻白眼\]
688,[666],wechat,pos,\[666\]
689,[嘴唇],wechat,pos,\[嘴唇\]
690,[心碎],wechat,neg,\[心碎\]
691,[弱],wechat,neg,\[弱\]
692,[握手],wechat,pos,\[握手\]
693,[抱拳],wechat,pos,\[抱拳\]
694,[勾引],wechat,pos,\[勾引\]
695,[拳頭],wechat,pos,\[拳頭\]
696,[OK],wechat,pos,\[OK\]
697,[啤酒],wechat,pos,\[啤酒\]
698,[咖啡],wechat,pos,\[咖啡\]
699,[蛋糕],wechat,pos,\[蛋糕\]
700,[玫瑰],wechat,pos,\[玫瑰\]
701,[枯萎],wechat,neg,\[枯萎\]
702,[炸彈],wechat,pos,\[炸彈\]
703,[月亮],wechat,pos,\[月亮\]
704,[太陽],wechat,pos,\[太陽\]
705,[慶祝],wechat,pos,\[慶祝\]
706,[禮物],wechat,pos,\[禮物\]
707,[福],wechat,pos,\[福\]
708,[煙花],wechat,pos,\[煙花\]
709,[爆竹],wechat,pos,\[爆竹\]
710,[豬頭],wechat,pos,\[豬頭\]
711,[西瓜],wechat,pos,\[西瓜\]
712,[籃球],wechat,pos,\[籃球\]
713,[乒乓],wechat,pos,\[乒乓\]
714,[飯],wechat,pos,\[飯\]
715,[閃電],wechat,neu,\[閃電\]
716,[差勁],wechat,neg,\[差勁\]
717,[愛你],wechat,pos,\[愛你\]
718,[NO],wechat,neu,\[NO\]
719,[愛情],wechat,pos,\[愛情\]
720,[飛吻],wechat,pos,\[飛吻\]
721,[回頭],wechat,neu,\[回頭\]
722,[磕頭],wechat,neu,\[磕頭\]
723,[激動],wechat,pos,\[激動\]
724,[獻吻],wechat,pos,\[獻吻\]
725,[左太極],wechat,pos,\[左太極\]
726,[右太極],wechat,pos,\[右太極\]
727,[发呆],wechat,neu,\[发呆\]
728,[流泪],wechat,neu,\[流泪\]
729,[闭嘴],wechat,neu,\[闭嘴\]
730,[尴尬],wechat,neu,\[尴尬\]
731,[发怒],wechat,neg,\[发怒\]
732,[调皮],wechat,pos,\[调皮\]
733,[惊讶],wechat,pos,\[惊讶\]
734,[难过],wechat,neu,\[难过\]
735,[惊恐],wechat,neg,\[惊恐\]
736,[憨笑],wechat,pos,\[憨笑\]
737,[咒骂],wechat,neg,\[咒骂\]
738,[疑问],wechat,neu,\[疑问\]
739,[嘘],wechat,neu,\[嘘\]
740,[晕],wechat,neu,\[晕\]
741,[骷髅],wechat,neu,\[骷髅\]
742,[再见],wechat,neu,\[再见\]
743,[抠鼻],wechat,neu,\[抠鼻\]
744,[坏笑],wechat,pos,\[坏笑\]
745,[鄙视],wechat,neg,\[鄙视\]
746,[阴险],wechat,pos,\[阴险\]
747,[亲亲],wechat,pos,\[亲亲\]
748,[可怜],wechat,neu,\[可怜\]
749,[破涕为笑],wechat,pos,\[破涕为笑\]
750,[恐惧],wechat,neu,\[恐惧\]
751,[嘿哈],wechat,pos,\[嘿哈\]
752,[捂脸],wechat,pos,\[捂脸\]
753,[机智],wechat,pos,\[机智\]
754,[皱眉],wechat,neu,\[皱眉\]
755,[耶],wechat,pos,\[耶\]
756,[打脸],wechat,neu,\[打脸\]
757,[叹气],wechat,neu,\[叹气\]
758,[裂开],wechat,neu,\[裂开\]
759,[苦涩],wechat,neu,\[苦涩\]
760,[爱心],wechat,pos,\[爱心\]
761,[拥抱],wechat,pos,\[拥抱\]
762,[强],wechat,pos,\[强\]
763,[胜利],wechat,pos,\[胜利\]
764,[拳头],wechat,pos,\[拳头\]
765,[太阳],wechat,pos,\[太阳\]
766,[礼物],wechat,pos,\[礼物\]
767,[红包],wechat,pos,\[红包\]
768,[烟花],wechat,pos,\[烟花\]
769,[猪头],wechat,pos,\[猪头\]
770,[篮球],wechat,pos,\[篮球\]
771,[饭],wechat,pos,\[饭\]
772,[闪电],wechat,neu,\[闪电\]
773,[奋斗],wechat,pos,\[奋斗\]
774,[差劲],wechat,neg,\[差劲\]
775,[爱你],wechat,pos,\[爱你\]
776,[爱情],wechat,pos,\[爱情\]
777,[飞吻],wechat,pos,\[飞吻\]
778,[回头],wechat,neu,\[回头\]
779,[磕头],wechat,neu,\[磕头\]
780,[激动],wechat,pos,\[激动\]
781,[献吻],wechat,pos,\[献吻\]
782,[左太极],wechat,pos,\[左太极\]
783,[Shy],wechat,pos,\[Shy\]
784,[Silent],wechat,neu,\[Silent\]
785,[Sleep],wechat,neu,\[Sleep\]
786,[Ruthless],wechat,pos,\[Ruthless\]
787,[Tormented],wechat,neg,\[Tormented\]
788,[Panic],wechat,neg,\[Panic\]
789,[Commando],wechat,neu,\[Commando\]
790,[Scold],wechat,neg,\[Scold\]
791,[Skull],wechat,neu,\[Skull\]
792,[Hammer],wechat,neu,\[Hammer\]
793,[Wave],wechat,neu,\[Wave\]
794,[Bah！L],wechat,neu,\[Bah！L\]
795,[Bah！R],wechat,neu,\[Bah！R\]
796,[Pooh-pooh],wechat,neg,\[Pooh-pooh\]
797,[Wrath],wechat,neu,\[Wrath\]
798,[Facepalm],wechat,pos,\[Facepalm\]
799,[Yeah!],wechat,pos,\[Yeah!\]
800,[ThumbsDown],wechat,neg,\[ThumbsDown\]
801,[Cake],wechat,pos,\[Cake\]
802,[Cleaver],wechat,neg,\[Cleaver\]
803,[Bomb],wechat,pos,\[Bomb\]
804,[Poop],wechat,neu,\[Poop\]
805,[Moon],wechat,pos,\[Moon\]
806,[Gift],wechat,pos,\[Gift\]
807,[Basketball],wechat,pos,\[Basketball\]
808,[PingPong],wechat,pos,\[PingPong\]
809,[Rice],wechat,pos,\[Rice\]
810,[Lightning],wechat,neu,\[Lightning\]
811,[Shame],wechat,neu,\[Shame\]
812,[可爱],weibo,pos,\[可爱\]
813,[太开心],weibo,pos,\[太开心\]
814,[嘻嘻],weibo,pos,\[嘻嘻\]
815,[哈哈],weibo,pos,\[哈哈\]
816,[笑cry],weibo,pos,\[笑cry\]
817,[挤眼],weibo,pos,\[挤眼\]
818,[馋嘴],weibo,pos,\[馋嘴\]
819,[黑线],weibo,neu,\[黑线\]
820,[哼],weibo,neu,\[哼\]
821,[悲伤],weibo,neu,\[悲伤\]
822,[泪],weibo,neu,\[泪\]
823,[允悲],weibo,pos,\[允悲\]
824,[憧憬],weibo,pos,\[憧憬\]
825,[舔屏],weibo,pos,\[舔屏\]
826,[思考],weibo,neu,\[思考\]
827,[傻眼],weibo,neu,\[傻眼\]
828,[互粉],weibo,pos,\[互粉\]
829,[钱],weibo,pos,\[钱\]
830,[打call],weibo,pos,\[打call\]
831,[牛年大吉],weibo,pos,\[牛年大吉\]
832,[doge],weibo,pos,\[doge\]
833,[二哈],weibo,pos,\[二哈\]
834,[摊手],weibo,neu,\[摊手\]
835,[跪了],weibo,pos,\[跪了\]
836,[迎福运],weibo,pos,\[迎福运\]
837,[福到了],weibo,pos,\[福到了\]
838,[丘比特],weibo,pos,\[丘比特\]
839,[奶瓶],weibo,pos,\[奶瓶\]
840,[百事可乐],weibo,pos,\[百事可乐\]
841,[微笑趣泡],weibo,pos,\[微笑趣泡\]
842,[红围脖],weibo,pos,\[红围脖\]
843,[2022],weibo,pos,\[2022\]
844,[小雪人],weibo,pos,\[小雪人\]
845,[雪刀],weibo,pos,\[雪刀\]
846,[风起洛阳],weibo,pos,\[风起洛阳\]
847,[开学季],weibo,pos,\[开学季\]
848,[赢牛奶],weibo,pos,\[赢牛奶\]
849,[心],weibo,pos,\[心\]
850,[伤心],weibo,neg,\[伤心\]
851,[赞],weibo,pos,\[赞\]
852,[ok],weibo,pos,\[ok\]
853,[奥特曼],weibo,pos,\[奥特曼\]
854,[给力],weibo,pos,\[给力\]
855,[羞嗒嗒],weibo,pos,\[羞嗒嗒\]
856,[好喜欢],weibo,pos,\[好喜欢\]
857,[圣诞老人111],weibo,pos,\[圣诞老人111\]
858,[五仁月饼_旧],weibo,pos,\[五仁月饼_旧\]
859,[给你小心心],weibo,pos,\[给你小心心\]
860,[圣诞袜],weibo,pos,\[圣诞袜\]
861,[圣诞帽],weibo,pos,\[圣诞帽\]
862,[平安果],weibo,pos,\[平安果\]
863,[姜饼人],weibo,pos,\[姜饼人\]
864,[欢度国庆],weibo,pos,\[欢度国庆\]
865,[七夕布谷鸟],weibo,pos,\[七夕布谷鸟\]
866,[撒狗粮],weibo,pos,\[撒狗粮\]
867,[求脱单],weibo,pos,\[求脱单\]
868,[这就是街舞3],weibo,pos,\[这就是街舞3\]
869,[毛巾助力],weibo,pos,\[毛巾助力\]
870,[超新星运动会],weibo,pos,\[超新星运动会\]
871,[父与子],weibo,pos,\[父与子\]
872,[棒棒糖],weibo,pos,\[棒棒糖\]
873,[纸飞机],weibo,pos,\[纸飞机\]
874,[锦鲤],weibo,pos,\[锦鲤\]
875,[绿植领养],weibo,pos,\[绿植领养\]
876,[绿植挖土],weibo,pos,\[绿植挖土\]
877,[绿植托脸],weibo,pos,\[绿植托脸\]
878,[绿植乖巧],weibo,pos,\[绿植乖巧\]
879,[C3PO],weibo,pos,\[C3PO\]
880,[哆啦A梦害怕],weibo,neg,\[哆啦A梦害怕\]
881,[哆啦A梦微笑],weibo,pos,\[哆啦A梦微笑\]
882,[小黄人剪刀手],weibo,pos,\[小黄人剪刀手\]
883,[害羞R],xiaohongshu,pos,\[害羞R\]
884,[失望R],xiaohongshu,neu,\[失望R\]
885,[汗颜R],xiaohongshu,neu,\[汗颜R\]
886,[哇R],xiaohongshu,pos,\[哇R\]
887,[偷笑R],xiaohongshu,pos,\[偷笑R\]
888,[飞吻R],xiaohongshu,pos,\[飞吻R\]
889,[石化R],xiaohongshu,neg,\[石化R\]
890,[笑哭R],xiaohongshu,pos,\[笑哭R\]
891,[赞R],xiaohongshu,pos,\[赞R\]
892,[大笑R],xiaohongshu,pos,\[大笑R\]
893,[哭惹R],xiaohongshu,neu,\[哭惹R\]
894,[斜眼R],xiaohongshu,pos,\[斜眼R\]
895,[皱眉R],xiaohongshu,pos,\[皱眉R\]
896,[捂脸R],xiaohongshu,pos,\[捂脸R\]
897,[派对R],xiaohongshu,pos,\[派对R\]
898,[色色],xiaohongshu,pos,\[色色\]
899,[石化],xiaohongshu,neg,\[石化\]
900,[candy],douyin,pos,\[candy\]
901,[糖葫芦],douyin,pos,\[糖葫芦\]
902,[虎头],douyin,pos,\[虎头\]
903,[饺子],douyin,pos,\[饺子\]
904,[鞭炮],douyin,pos,\[鞭炮\]
905,[元宝],douyin,pos,\[元宝\]
906,[汤圆],douyin,pos,\[汤圆\]
907,[yyds],douyin,pos,\[yyds\]
908,[emo],douyin,pos,\[emo\]
909,[雪人],douyin,pos,\[雪人\]
910,[圣诞树],douyin,pos,\[圣诞树\]
911,[蕉绿],douyin,neu,\[蕉绿\]
912,[屎],douyin,neu,\[屎\]
913,[我太难了],douyin,neu,\[我太难了\]
914,[18禁],douyin,neg,\[18禁\]
915,[强壮],douyin,pos,\[强壮\]
916,[惊喜],douyin,pos,\[惊喜\]
917,[绿帽子],douyin,neu,\[绿帽子\]
918,[暗中观察],douyin,pos,\[暗中观察\]
919,[菜狗],douyin,pos,\[菜狗\]
920,[干饭人],douyin,pos,\[干饭人\]
921,[吐舌],douyin,neu,\[吐舌\]
922,[看],douyin,pos,\[看\]
923,[笑哭],douyin,pos,\[笑哭\]
924,[泪奔],douyin,pos,\[泪奔\]
925,[感谢],douyin,pos,\[感谢\]
926,[泣不成声],douyin,pos,\[泣不成声\]
927,[超话],comments,pos,\[超话\]
928,[米奇比心],comments,pos,\[米奇比心\]
929,[小红花],comments,pos,\[小红花\]
930,[迷雾剧场],comments,pos,\[迷雾剧场\]
931,[桃花],comments,pos,\[桃花\]
932,[五仁月饼新],comments,pos,\[五仁月饼新\]
933,[圆月],comments,pos,\[圆月\]
934,[開學季],comments,pos,\[開學季\]
935,[ali亲一个],comments,pos,\[ali亲一个\]
936,[米奇飞吻],comments,pos,\[米奇飞吻\]
937,[呵呵],comments,pos,\[呵呵\]
938,[ali美好],comments,pos,\[ali美好\]
939,[冰雪奇缘雪宝],comments,pos,\[冰雪奇缘雪宝\]
940,[米奇爱你],comments,pos,\[米奇爱你\]
941,[可愛],comments,pos,\[可愛\]
942,[贊],comments,pos,\[贊\]
943,[太開心],comments,pos,\[太開心\]
944,[鮮花],comments,pos,\[鮮花\]
945,[饞嘴],comments,pos,\[饞嘴\]
946,[給你小心心],comments,pos,\[給你小心心\]
947,[贏牛奶],comments,pos,\[贏牛奶\]
948,[好喜歡],comments,pos,\[好喜歡\]
949,[超話],comments,pos,\[超話\]
950,[擠眼],comments,pos,\[擠眼\]
951,[好愛哦],comments,pos,\[好愛哦\]
952,[笑而不語],comments,pos,\[笑而不語\]
953,[求關注],comments,pos,\[求關注\]
954,[贊啊],comments,pos,\[贊啊\]
955,[單身狗],comments,neu,\[單身狗\]
956,[並不簡單],comments,pos,\[並不簡單\]
957,[春遊家族],comments,pos,\[春遊家族\]
958,[給力],comments,pos,\[給力\]
959,[偷樂],comments,pos,\[偷樂\]
960,[中國贊],comments,pos,\[中國贊\]
961,[微風],comments,pos,\[微風\]
962,[小紅花],comments,pos,\[小紅花\]
963,[求饒],comments,pos,\[求饒\]
964,[裂開],comments,neu,\[裂開\]
965,[奧特曼],comments,pos,\[奧特曼\]
966,[費解],comments,neu,\[費解\]
967,[攤手],comments,neu,\[攤手\]
968,[傑瑞],comments,pos,\[傑瑞\]
969,[黑線],comments,neu,\[黑線\]
970,[乾杯],comments,pos,\[乾杯\]
971,[迷霧劇場],comments,pos,\[迷霧劇場\]
972,[掌寶熒光棒],comments,pos,\[掌寶熒光棒\]
973,[掌寶愛心],comments,pos,\[掌寶愛心\]
974,[哆啦A夢微笑],comments,pos,\[哆啦A夢微笑\]
975,[哆啦A夢吃驚],comments,pos,\[哆啦A夢吃驚\]
976,[傷心],comments,neg,\[傷心\]
977,[航天員],comments,pos,\[航天員\]
978,[熊貓],comments,pos,\[熊貓\]
979,[圍觀],comments,pos,\[圍觀\]
980,[哆啦A夢害怕],comments,neu,\[哆啦A夢害怕\]
981,[來],comments,pos,\[來\]
982,[鋼鐵俠],comments,pos,\[鋼鐵俠\]
983,[吃驚],comments,neu,\[吃驚\]
984,[飛機],comments,pos,\[飛機\]
985,[怒罵],comments,neg,\[怒罵\]
986,[帶著微博去旅行],comments,pos,\[帶著微博去旅行\]
987,[蠟燭],comments,pos,\[蠟燭\]
988,[音樂],comments,pos,\[音樂\]
989,[五仁月餅新],comments,pos,\[五仁月餅新\]
990,[大偵探皮卡丘微笑],comments,pos,\[大偵探皮卡丘微笑\]
991,[哆啦A夢花心],comments,pos,\[哆啦A夢花心\]
992,[錢],comments,pos,\[錢\]
993,[浮雲],comments,pos,\[浮雲\]
994,[男孩兒],comments,pos,\[男孩兒\]
995,[弗萊見錢眼開],comments,pos,\[弗萊見錢眼開\]
996,[圓月],comments,pos,\[圓月\]
997,[美國隊長],comments,pos,\[美國隊長\]
998,[頂],comments,neu,\[頂\]
999,[生而為贏],comments,pos,\[生而為贏\]
1000,[女孩兒],comments,pos,\[女孩兒\]
1001,[蜘蛛俠],comments,pos,\[蜘蛛俠\]
1002,[驚奇隊長],comments,pos,\[驚奇隊長\]
1003,[話筒],comments,pos,\[話筒\]
1004,[掌寶加油],comments,pos,\[掌寶加油\]
1005,[鷹眼],comments,pos,\[鷹眼\]
1006,[奇異博士],comments,pos,\[奇異博士\]
1007,[馬到成功],comments,pos,\[馬到成功\]
1008,[聖誕老人],comments,pos,\[聖誕老人\]
1009,[ali親一個],comments,pos,\[ali親一個\]
1010,[炸雞啤酒],comments,pos,\[炸雞啤酒\]
1011,[米奇飛吻],comments,pos,\[米奇飛吻\]
1012,[牛轟轟擁抱],comments,pos,\[牛轟轟擁抱\]
1013,[紅燈籠],comments,pos,\[紅燈籠\]
1014,[吃狗糧],comments,pos,\[吃狗糧\]
1015,[冰雪奇緣雪寶],comments,pos,\[冰雪奇緣雪寶\]
1016,[米奇愛你],comments,pos,\[米奇愛你\]
1017,[Laughwithtears],comments,pos,\[Laughwithtears\]
1018,[Yummy],comments,pos,\[Yummy\]
1019,[Good],comments,pos,\[Good\]
1020,[Lovely],comments,pos,\[Lovely\]
1021,[Funnyface],comments,pos,\[Funnyface\]
1022,[Loveface],comments,pos,\[Loveface\]
1023,[Thinking],comments,pos,\[Thinking\]
1024,[Blink],comments,pos,\[Blink\]
1025,[Awsl],comments,pos,\[Awsl\]
1026,[Cute],comments,pos,\[Cute\]
1027,[Hehe],comments,pos,\[Hehe\]
1028,[Excited],comments,pos,\[Excited\]
1029,[Ok],comments,pos,\[Ok\]
1030,[Haha],comments,pos,\[Haha\]
1031,[Angel],comments,pos,\[Angel\]
1032,[Thumbsup],comments,pos,\[Thumbsup\]
1033,[Goforit],comments,pos,\[Goforit\]
1034,[Noprob],comments,pos,\[Noprob\]
1035,[Pride],comments,pos,\[Pride\]
1036,[Coolguy],comments,pos,\[Coolguy\]
1037,[Iloveyou],comments,pos,\[Iloveyou\]
1038,[Awesome],comments,pos,\[Awesome\]
1039,[Nosepick],comments,pos,\[Nosepick\]
1040,[Tearingup],comments,neg,\[Tearingup\]
1041,[Mybad],comments,neu,\[Mybad\]
1042,[Brokenheart],comments,neg,\[Brokenheart\]
1043,[Love],comments,pos,\[Love\]
1044,[laughwithtears],comments,pos,\[laughwithtears\]
1045,[happy],comments,pos,\[happy\]
1046,[drool],comments,pos,\[drool\]
1047,[yummy],comments,pos,\[yummy\]
1048,[lovely],comments,pos,\[lovely\]
1049,[scream],comments,neg,\[scream\]
1050,[emm],comments,neu,\[emm\]
1051,[funnyface],comments,pos,\[funnyface\]
1052,[loveface],comments,pos,\[loveface\]
1053,[thinking],comments,pos,\[thinking\]
1054,[blink],comments,pos,\[blink\]
1055,[angry],comments,neg,\[angry\]
1056,[facepalm],comments,pos,\[facepalm\]
1057,[joyful],comments,pos,\[joyful\]
1058,[cute],comments,pos,\[cute\]
1059,[hehe],comments,pos,\[hehe\]
1060,[laugh],comments,pos,\[laugh\]
1061,[excited],comments,pos,\[excited\]
1062,[lol],comments,pos,\[lol\]
1063,[wow],comments,pos,\[wow\]
1064,[smirk],comments,pos,\[smirk\]
1065,[grin],comments,pos,\[grin\]
1066,[hey],comments,pos,\[hey\]
1067,[angel],comments,pos,\[angel\]
1068,[heart],comments,pos,\[heart\]
1069,[rose],comments,pos,\[rose\]
1070,[chuckle],comments,pos,\[chuckle\]
1071,[smart],comments,pos,\[smart\]
1072,[thumbsup],comments,pos,\[thumbsup\]
1073,[party],comments,pos,\[party\]
1074,[respect],comments,pos,\[respect\]
1075,[onlooker],comments,pos,\[onlooker\]
1076,[goforit],comments,pos,\[goforit\]
1077,[blush],comments,neu,\[blush\]
1078,[noprob],comments,pos,\[noprob\]
1079,[shy],comments,pos,\[shy\]
1080,[fireworks],comments,pos,\[fireworks\]
1081,[salute],comments,pos,\[salute\]
1082,[pride],comments,pos,\[pride\]
1083,[whimper],comments,neu,\[whimper\]
1084,[coolguy],comments,pos,\[coolguy\]
1085,[hug],comments,pos,\[hug\]
1086,[kiss],comments,pos,\[kiss\]
1087,[worship],comments,pos,\[worship\]
1088,[twirl],comments,pos,\[twirl\]
1089,[awesome],comments,pos,\[awesome\]
1090,[trick],comments,pos,\[trick\]
1091,[waddle],comments,pos,\[waddle\]
1092,[nosepick],comments,pos,\[nosepick\]
1093,[bye],comments,neu,\[bye\]
1094,[tearingup],comments,neg,\[tearingup\]
1095,[sly],comments,pos,\[sly\]
1096,[mybad],comments,neu,\[mybad\]
1097,[clap],comments,pos,\[clap\]
1098,[blessing],comments,pos,\[blessing\]
1099,[firecracker],comments,pos,\[firecracker\]
1100,[lips],comments,pos,\[lips\]
1101,[gift],comments,pos,\[gift\]
1102,[brokenheart],comments,neg,\[brokenheart\]
1103,[wilt],comments,neg,\[wilt\]
1104,[tongue],comments,pos,\[tongue\]
1105,[sun],comments,pos,\[sun\]
1106,[shake],comments,pos,\[shake\]
1107,[rich],comments,pos,\[rich\]
1108,[love],comments,pos,\[love\]
1109,[toasted],comments,neu,\[toasted\]
1110,[beer],comments,pos,\[beer\]
1111,[watermelon],comments,pos,\[watermelon\]
1112,[coffee],comments,pos,\[coffee\]
1113,[packet],comments,pos,\[packet\]
1114,[fist],comments,pos,\[fist\]
1115,[peace],comments,pos,\[peace\]
1116,微笑R,xiaohongshu,pos,微笑R
1117,色色R,xiaohongshu,pos,色色R
1118,萌萌哒R,xiaohongshu,pos,萌萌哒R
1119,暗中观察R,xiaohongshu,neu,暗中观察R
1120,喝奶茶R,xiaohongshu,pos,喝奶茶R
1121,黄金薯R,xiaohongshu,pos,黄金薯R
1122,买爆R,xiaohongshu,pos,买爆R
1123,生气R,xiaohongshu,neg,生气R
1124,自拍R,xiaohongshu,pos,自拍R
1125,得意R,xiaohongshu,pos,得意R
1126,吧唧R,xiaohongshu,pos,吧唧R
1127,抓狂R,xiaohongshu,neg,抓狂R
1128,叹气R,xiaohongshu,neu,叹气R
1129,吃瓜R,xiaohongshu,pos,吃瓜R
1130,抠鼻R,xiaohongshu,neu,抠鼻R
1131,可怜R,xiaohongshu,neu,可怜R
1132,扶墙R,xiaohongshu,neg,扶墙R
1133,黑薯问号R,xiaohongshu,neu,黑薯问号R
1134,惊恐R,xiaohongshu,neg,惊恐R
1135,鄙视R,xiaohongshu,neu,鄙视R
1136,再见R,xiaohongshu,pos,再见R
1137,睡觉R,xiaohongshu,pos,睡觉R
1138,害羞R,xiaohongshu,pos,害羞R
1139,失望R,xiaohongshu,neu,失望R
1140,汗颜R,xiaohongshu,neu,汗颜R
1141,哇R,xiaohongshu,pos,哇R
1142,偷笑R,xiaohongshu,pos,偷笑R
1143,飞吻R,xiaohongshu,pos,飞吻R
1144,石化R,xiaohongshu,neg,石化R
1145,笑哭R,xiaohongshu,pos,笑哭R
1146,赞R,xiaohongshu,pos,赞R
1147,大笑R,xiaohongshu,pos,大笑R
1148,哭惹R,xiaohongshu,neu,哭惹R
1149,斜眼R,xiaohongshu,pos,斜眼R
1150,皱眉R,xiaohongshu,pos,皱眉R
1151,捂脸R,xiaohongshu,pos,捂脸R
1152,派对R,xiaohongshu,pos,派对R
1153,微笑r,xiaohongshu,pos,微笑r
1154,色色r,xiaohongshu,pos,色色r
1155,萌萌哒r,xiaohongshu,pos,萌萌哒r
1156,暗中观察r,xiaohongshu,neu,暗中观察r
1157,喝奶茶r,xiaohongshu,pos,喝奶茶r
1158,黄金薯r,xiaohongshu,pos,黄金薯r
1159,买爆r,xiaohongshu,pos,买爆r
1160,生气r,xiaohongshu,neg,生气r
1161,自拍r,xiaohongshu,pos,自拍r
1162,得意r,xiaohongshu,pos,得意r
1163,吧唧r,xiaohongshu,pos,吧唧r
1164,抓狂r,xiaohongshu,neg,抓狂r
1165,叹气r,xiaohongshu,neu,叹气r
1166,吃瓜r,xiaohongshu,pos,吃瓜r
1167,抠鼻r,xiaohongshu,neu,抠鼻r
1168,可怜r,xiaohongshu,neu,可怜r
1169,扶墙r,xiaohongshu,neg,扶墙r
1170,黑薯问号r,xiaohongshu,neu,黑薯问号r
1171,惊恐r,xiaohongshu,neg,惊恐r
1172,鄙视r,xiaohongshu,neu,鄙视r
1173,再见r,xiaohongshu,pos,再见r
1174,睡觉r,xiaohongshu,pos,睡觉r
1175,害羞r,xiaohongshu,pos,害羞r
1176,失望r,xiaohongshu,neu,失望r
1177,汗颜r,xiaohongshu,neu,汗颜r
1178,哇r,xiaohongshu,pos,哇r
1179,偷笑r,xiaohongshu,pos,偷笑r
1180,飞吻r,xiaohongshu,pos,飞吻r
1181,石化r,xiaohongshu,neg,石化r
1182,笑哭r,xiaohongshu,pos,笑哭r
1183,赞r,xiaohongshu,pos,赞r
1184,大笑r,xiaohongshu,pos,大笑r
1185,哭惹r,xiaohongshu,neu,哭惹r
1186,斜眼r,xiaohongshu,pos,斜眼r
1187,皱眉r,xiaohongshu,pos,皱眉r
1188,捂脸r,xiaohongshu,pos,捂脸r
1189,派对r,xiaohongshu,pos,派对r
