emoji,channel,sentiment,re_emoji
:),,pos,:\)
：）,,pos,：\）
:-),,pos,:-\)
:-D,,pos,:-D
:-P,,pos,:-P
;-),,pos,;-\)
☻,,pos,☻
♡,,pos,♡
WOW,,pos,WOW
wow,,pos,wow
Wow,,pos,Wow
\^\w\^,,pos,\^\w\^
\^_+\^,,pos,\^_+\^
⊙\w⊙,,pos,⊙\w⊙
∩\w∩,,pos,∩\w∩
≧\w+≦,,pos,≧\w+≦
>\w+<,,pos,>\w+<
~~~+,,pos,~~~+
��,,pos,😀
��,,pos,😃
��,,pos,😄
��,,pos,😁
��,,pos,😆
��,,pos,😅
��,,pos,🤣
��,,pos,😂
��,,pos,🙂
��,,pos,😉
��,,pos,😊
��,,pos,😇
��,,pos,🥰
��,,pos,😍
��,,pos,🤩
��,,pos,😘
��,,pos,😗
☺️,,pos,☺️
��,,pos,😚
��,,pos,😙
��,,pos,😋
��,,pos,😛
��,,pos,😜
��,,pos,🤪
��,,pos,😝
��,,pos,🤑
��,,pos,🤗
��,,pos,🤭
��,,pos,😏
��,,pos,🤤
��,,pos,🥳
��,,pos,😎
��,,pos,😸
��,,pos,😹
��,,pos,😻
��,,pos,😼
��,,pos,😽
��,,pos,💋
��,,pos,💌
��,,pos,💘
��,,pos,💝
��,,pos,💖
��,,pos,💗
��,,pos,💓
��,,pos,💞
��,,pos,💕
��,,pos,💟
❣️,,pos,❣️
❤️,,pos,❤️
��,,pos,🧡
��,,pos,💛
��,,pos,💚
��,,pos,💙
��,,pos,💜
��,,pos,💯
✌️,,pos,✌️
��,,pos,🤟
��,,pos,👍
��,,pos,👏
��,,pos,💪
��,,pos,💏
��‍❤️‍💋‍👨,,pos,👩‍❤️‍💋‍👨
��‍❤️‍💋‍👨,,pos,👨‍❤️‍💋‍👨
��‍❤️‍💋‍👩,,pos,👩‍❤️‍💋‍👩
��,,pos,💑
��‍❤️‍👨,,pos,👩‍❤️‍👨
��‍❤️‍👨,,pos,👨‍❤️‍👨
��‍❤️‍👩,,pos,👩‍❤️‍👩
��,,pos,💐
��,,pos,🌸
��,,pos,💮
��️,,pos,🏵️
��,,pos,🌹
��,,pos,🌺
��,,pos,🌻
��,,pos,🌼
��,,pos,🌷
��,,pos,🌈
��,,pos,🎃
��,,pos,🎄
��,,pos,🎆
��,,pos,🎇
��,,pos,🧨
✨,,pos,✨
��,,pos,🎈
��,,pos,🎉
��,,pos,🎊
��,,pos,🎋
��,,pos,🎍
��,,pos,🎑
��,,pos,🧧
��,,pos,🎀
��,,pos,🎁
��️,,pos,🎖️
��,,pos,🏆
��,,pos,🏅
��,,pos,🥇
��,,pos,🥈
��,,pos,🥉
✅,,pos,✅
☑️,,pos,☑️
✔️,,pos,✔️
㊗️,,pos,㊗️
♥️,,pos,♥️
��,,neu,😰
��,,neu,😥
��,,neu,😖
��,,neu,😣
��,,neu,😞
��,,neu,😩
��,,neu,😫
��,,neg,😤
��,,neg,😡
��,,neg,😠
��,,neg,🤬
��,,neg,👿
��,,neg,👎
��,,neg,💔
❤️‍🔥,,pos,❤️‍🔥
❤️‍🩹,,neg,❤️‍🩹
❌,,neg,❌
❎,,neg,❎
[比心],douyin,pos,\[比心\]
[微笑R],xiaohongshu,pos,\[微笑R\]
[色色R],xiaohongshu,pos,\[色色R\]
[surprised],tiktok,pos,\[surprised\]
[哇],wechat,pos,\[哇\]
[萌萌哒R],xiaohongshu,pos,\[萌萌哒R\]
[good],weibo,pos,\[good\]
[让我看看],wechat,neu,\[让我看看\]
[complacent],tiktok,pos,\[complacent\]
[暗中观察R],xiaohongshu,neu,\[暗中观察R\]
[送心],douyin,pos,\[送心\]
[鲜花],weibo,pos,\[鲜花\]
[喝奶茶R],xiaohongshu,pos,\[喝奶茶R\]
[灵机一动],douyin,pos,\[灵机一动\]
[wronged],tiktok,neg,\[wronged\]
[喵喵],weibo,pos,\[喵喵\]
[Emm],wechat,neu,\[Emm\]
[不失礼貌的微笑],douyin,neu,\[不失礼貌的微笑\]
[社会社会],wechat,pos,\[社会社会\]
[黄金薯R],xiaohongshu,pos,\[黄金薯R\]
[facewithrollingeyes],tiktok,neu,\[facewithrollingeyes\]
[weep],tiktok,neu,\[weep\]
[抱一抱],weibo,pos,\[抱一抱\]
[wicked],tiktok,neu,\[wicked\]
[兔子],weibo,pos,\[兔子\]
[污],weibo,neu,\[污\]
[Doge],wechat,pos,\[Doge\]
[买爆R],xiaohongshu,pos,\[买爆R\]
[合十],wechat,pos,\[合十\]
[抱抱],weibo,pos,\[抱抱\]
[跳跳],wechat,pos,\[跳跳\]
[awsl],weibo,pos,\[awsl\]
[转圈],wechat,pos,\[转圈\]
[尬笑],douyin,pos,\[尬笑\]
[好爱哦],weibo,pos,\[好爱哦\]
[扯脸H],xiaohongshu,neu,\[扯脸H\]
[呆无辜],douyin,neu,\[呆无辜\]
[embarrassed],tiktok,neu,\[embarrassed\]
[笑而不语],weibo,pos,\[笑而不语\]
[sulk],tiktok,neu,\[sulk\]
[一起加油],douyin,pos,\[一起加油\]
[求关注],weibo,pos,\[求关注\]
[流汗],wechat,neu,\[流汗\]
[生气R],xiaohongshu,neg,\[生气R\]
[黑脸],douyin,neu,\[黑脸\]
[赞啊],weibo,pos,\[赞啊\]
[单身狗],weibo,neu,\[单身狗\]
[自拍R],xiaohongshu,pos,\[自拍R\]
[得意R],xiaohongshu,pos,\[得意R\]
[Hurt],wechat,neu,\[Hurt\]
[吧唧R],xiaohongshu,pos,\[吧唧R\]
[并不简单],weibo,pos,\[并不简单\]
[春游家族],weibo,pos,\[春游家族\]
[玉兔],weibo,pos,\[玉兔\]
[笑哈哈],weibo,pos,\[笑哈哈\]
[庆祝],wechat,pos,\[庆祝\]
[偷乐],weibo,pos,\[偷乐\]
[中国赞],weibo,pos,\[中国赞\]
[Lol],wechat,pos,\[Lol\]
[Sob],wechat,neu,\[Sob\]
[作揖],weibo,pos,\[作揖\]
[微风],weibo,pos,\[微风\]
[LetMeSee],wechat,neu,\[LetMeSee\]
[发抖],wechat,neu,\[发抖\]
[吐舌头H],xiaohongshu,pos,\[吐舌头H\]
[绝望的凝视],douyin,neu,\[绝望的凝视\]
[酷拽],douyin,neu,\[酷拽\]
[怄火],wechat,neu,\[怄火\]
[求饶],weibo,neu,\[求饶\]
[爱慕],douyin,pos,\[爱慕\]
[流淚],wechat,neu,\[流淚\]
[天啊],wechat,pos,\[天啊\]
[酸],weibo,pos,\[酸\]
[haha],weibo,pos,\[haha\]
[抓狂R],xiaohongshu,neg,\[抓狂R\]
[shout],tiktok,neu,\[shout\]
[掩面],wechat,pos,\[掩面\]
[加油加油],wechat,pos,\[加油加油\]
[Drool],wechat,pos,\[Drool\]
[Wow],wechat,pos,\[Wow\]
[叹气R],xiaohongshu,neu,\[叹气R\]
[挖鼻],weibo,neu,\[挖鼻\]
[Smirk],wechat,pos,\[Smirk\]
[傲慢],wechat,neu,\[傲慢\]
[Grin],wechat,pos,\[Grin\]
[吃瓜R],xiaohongshu,pos,\[吃瓜R\]
[笑脸],wechat,pos,\[笑脸\]
[tears],tiktok,neu,\[tears\]
[Hey],wechat,pos,\[Hey\]
[stun],tiktok,neu,\[stun\]
[Heart],wechat,pos,\[Heart\]
[抠鼻R],xiaohongshu,neu,\[抠鼻R\]
[凋谢],wechat,neg,\[凋谢\]
[可怜R],xiaohongshu,neu,\[可怜R\]
[费解],weibo,neu,\[费解\]
[杰瑞],weibo,pos,\[杰瑞\]
[Rose],wechat,pos,\[Rose\]
[Chuckle],wechat,pos,\[Chuckle\]
[鸡],wechat,pos,\[鸡\]
[扶墙R],xiaohongshu,neg,\[扶墙R\]
[Smart],wechat,pos,\[Smart\]
[cool],tiktok,pos,\[cool\]
[震惊],douyin,neu,\[震惊\]
[ThumbsUp],wechat,pos,\[ThumbsUp\]
[怒],weibo,neg,\[怒\]
[来看我],douyin,pos,\[来看我\]
[黑薯问号R],xiaohongshu,neu,\[黑薯问号R\]
[smileface],tiktok,pos,\[smileface\]
[greedy],tiktok,pos,\[greedy\]
[大金牙],douyin,pos,\[大金牙\]
[威武],weibo,pos,\[威武\]
[冷汗],wechat,neu,\[冷汗\]
[proud],tiktok,pos,\[proud\]
[Broken],wechat,neu,\[Broken\]
[shock],tiktok,neu,\[shock\]
[干杯],weibo,pos,\[干杯\]
[Party],wechat,pos,\[Party\]
[牛哞哞],weibo,pos,\[牛哞哞\]
[掌宝荧光棒],weibo,pos,\[掌宝荧光棒\]
[Respect],wechat,pos,\[Respect\]
[Onlooker],wechat,pos,\[Onlooker\]
[掌宝爱心],weibo,pos,\[掌宝爱心\]
[GoForIt],wechat,pos,\[GoForIt\]
[愛心],wechat,pos,\[愛心\]
[小鼓掌],douyin,pos,\[小鼓掌\]
[拜拜],weibo,pos,\[拜拜\]
[哆啦A梦吃惊],weibo,neu,\[哆啦A梦吃惊\]
[胡瓜],douyin,neu,\[胡瓜\]
[難受],wechat,neu,\[難受\]
[暖一下],weibo,pos,\[暖一下\]
[灵光一闪],"wechat,douyin",pos,\[灵光一闪\]
[Blush],wechat,neu,\[Blush\]
[我想静静],douyin,neu,\[我想静静\]
[NoProb],wechat,pos,\[NoProb\]
[航天员],weibo,pos,\[航天员\]
[熊猫],weibo,pos,\[熊猫\]
[讓我看看],wechat,neu,\[讓我看看\]
[紫薇别走],douyin,neu,\[紫薇别走\]
[围观],weibo,pos,\[围观\]
[脸红],wechat,neu,\[脸红\]
[Concerned],wechat,neu,\[Concerned\]
[吼嘿],wechat,pos,\[吼嘿\]
[惊恐R],xiaohongshu,neg,\[惊恐R\]
[Sigh],wechat,neu,\[Sigh\]
[Fireworks],wechat,pos,\[Fireworks\]
[祈祷],douyin,pos,\[祈祷\]
[鄙视R],xiaohongshu,neu,\[鄙视R\]
[一言難盡],wechat,neu,\[一言難盡\]
[摸头],douyin,pos,\[摸头\]
[绝],douyin,pos,\[绝\]
[巧克力],douyin,pos,\[巧克力\]
[Joyful],wechat,pos,\[Joyful\]
[不看],douyin,neu,\[不看\]
[红脸],douyin,neu,\[红脸\]
[Salute],wechat,pos,\[Salute\]
[来],weibo,pos,\[来\]
[Whimper],wechat,neu,\[Whimper\]
[rage],tiktok,neg,\[rage\]
[Smile],wechat,pos,\[Smile\]
[怒骂],weibo,neg,\[怒骂\]
[飞机],weibo,pos,\[飞机\]
[钢铁侠],weibo,pos,\[钢铁侠\]
[再见R],xiaohongshu,pos,\[再见R\]
[吃惊],weibo,neu,\[吃惊\]
[淚],weibo,neu,\[淚\]
[吐血],douyin,neu,\[吐血\]
[带着微博去旅行],weibo,pos,\[带着微博去旅行\]
[蜡烛],weibo,pos,\[蜡烛\]
[如花],douyin,pos,\[如花\]
[音乐],weibo,pos,\[音乐\]
[evil],tiktok,neg,\[evil\]
[吃瓜群众],douyin,pos,\[吃瓜群众\]
[slap],tiktok,neu,\[slap\]
[惊呆],douyin,neu,\[惊呆\]
[大侦探皮卡丘微笑],weibo,pos,\[大侦探皮卡丘微笑\]
[CoolGuy],wechat,pos,\[CoolGuy\]
[強],wechat,pos,\[強\]
[浩克],weibo,pos,\[浩克\]
[iloveyou],douyin,pos,\[iloveyou\]
[吐彩虹],douyin,neu,\[吐彩虹\]
[哆啦A梦花心],weibo,pos,\[哆啦A梦花心\]
[感冒],weibo,neu,\[感冒\]
[Hug],wechat,pos,\[Hug\]
[Boring],wechat,neu,\[Boring\]
[Cry],wechat,neu,\[Cry\]
[弗莱见钱眼开],weibo,pos,\[弗莱见钱眼开\]
[浮云],weibo,pos,\[浮云\]
[美国队长],weibo,pos,\[美国队长\]
[男孩儿],weibo,pos,\[男孩儿\]
[无语],wechat,neu,\[无语\]
[女孩儿],weibo,pos,\[女孩儿\]
[生而为赢],weibo,pos,\[生而为赢\]
[顶],weibo,neu,\[顶\]
[Grimace],wechat,neu,\[Grimace\]
[惊奇队长],weibo,pos,\[惊奇队长\]
[蜘蛛侠],weibo,pos,\[蜘蛛侠\]
[浪],weibo,pos,\[浪\]
[微笑袋鼠],douyin,pos,\[微笑袋鼠\]
[皺眉],wechat,neu,\[皺眉\]
[击掌],douyin,pos,\[击掌\]
[Worship],wechat,pos,\[Worship\]
[Twirl],wechat,pos,\[Twirl\]
[鹰眼],weibo,pos,\[鹰眼\]
[话筒],weibo,pos,\[话筒\]
[掌宝加油],weibo,pos,\[掌宝加油\]
[奇异博士],weibo,pos,\[奇异博士\]
[菜刀],wechat,neg,\[菜刀\]
[沙尘暴],weibo,pos,\[沙尘暴\]
[斜眼],douyin,neu,\[斜眼\]
[Trick],wechat,pos,\[Trick\]
[哆啦A梦无奈],weibo,neu,\[哆啦A梦无奈\]
[放假],weibo,pos,\[放假\]
[钟],weibo,pos,\[钟\]
[空星],weibo,pos,\[空星\]
[凝视],douyin,pos,\[凝视\]
[崩潰],wechat,neu,\[崩潰\]
[黑寡妇],weibo,pos,\[黑寡妇\]
[Waddle],wechat,pos,\[Waddle\]
[發],wechat,pos,\[發\]
[哆啦A梦汗],weibo,neu,\[哆啦A梦汗\]
[灭霸],weibo,pos,\[灭霸\]
[胖丁微笑],weibo,pos,\[胖丁微笑\]
[冬兵],weibo,pos,\[冬兵\]
[粽子],douyin,pos,\[粽子\]
[求抱抱],douyin,pos,\[求抱抱\]
[蚁人],weibo,pos,\[蚁人\]
[无限手套],weibo,pos,\[无限手套\]
[奥克耶],weibo,pos,\[奥克耶\]
[哆啦A梦美味],weibo,pos,\[哆啦A梦美味\]
[哆啦A梦开心],weibo,pos,\[哆啦A梦开心\]
[失敬失敬],wechat,pos,\[失敬失敬\]
[听歌],douyin,pos,\[听歌\]
[洛基],weibo,pos,\[洛基\]
[半星],weibo,pos,\[半星\]
[螳螂妹],weibo,pos,\[螳螂妹\]
[哆啦A梦笑],weibo,pos,\[哆啦A梦笑\]
[照相机],weibo,pos,\[照相机\]
[睡觉R],xiaohongshu,pos,\[睡觉R\]
[NosePick],wechat,neu,\[NosePick\]
[米妮开心],weibo,pos,\[米妮开心\]
[做鬼脸],douyin,pos,\[做鬼脸\]
[吃西瓜],wechat,pos,\[吃西瓜\]
[發呆],wechat,neu,\[發呆\]
[最右],weibo,neu,\[最右\]
[围脖],weibo,pos,\[围脖\]
[五仁月饼],weibo,pos,\[五仁月饼\]
[摳鼻],wechat,neu,\[摳鼻\]
[花心],weibo,pos,\[花心\]
[格鲁特],weibo,pos,\[格鲁特\]
[紫金草],weibo,pos,\[紫金草\]
[米奇大哭],weibo,neu,\[米奇大哭\]
[雷神],weibo,pos,\[雷神\]
[掌宝卖萌],weibo,pos,\[掌宝卖萌\]
[碰拳],douyin,pos,\[碰拳\]
[猩红女巫],weibo,pos,\[猩红女巫\]
[下雨],weibo,pos,\[下雨\]
[星爵],weibo,pos,\[星爵\]
[神马],weibo,pos,\[神马\]
[胖虎微笑],weibo,pos,\[胖虎微笑\]
[世界微尘里],weibo,pos,\[世界微尘里\]
[Bye],wechat,neu,\[Bye\]
[肥皂],weibo,pos,\[肥皂\]
[喜],weibo,pos,\[喜\]
[哆啦A梦亲亲],weibo,pos,\[哆啦A梦亲亲\]
[看跌],weibo,pos,\[看跌\]
[小夫微笑],weibo,pos,\[小夫微笑\]
[马到成功],weibo,pos,\[马到成功\]
[绿丝带],weibo,pos,\[绿丝带\]
[星星],weibo,pos,\[星星\]
[Aloha],weibo,pos,\[Aloha\]
[OMG],wechat,pos,\[OMG\]
[必胜],douyin,pos,\[必胜\]
[Kiss],wechat,pos,\[Kiss\]
[TearingUp],wechat,neu,\[TearingUp\]
[擁抱],wechat,pos,\[擁抱\]
[佩奇],weibo,pos,\[佩奇\]
[便便],wechat,neu,\[便便\]
[Sly],wechat,pos,\[Sly\]
[炸弹],wechat,pos,\[炸弹\]
[大雄微笑],weibo,pos,\[大雄微笑\]
[伴我同行],weibo,pos,\[伴我同行\]
[米妮爱你],weibo,pos,\[米妮爱你\]
[MyBad],wechat,neu,\[MyBad\]
[静香微笑],weibo,pos,\[静香微笑\]
[黑豹],weibo,pos,\[黑豹\]
[發抖],wechat,neu,\[發抖\]
[米妮酷炫],weibo,pos,\[米妮酷炫\]
[歐耶],wechat,pos,\[歐耶\]
[圣诞老人],weibo,pos,\[圣诞老人\]
[機智],wechat,pos,\[機智\]
[掌宝星星眼],weibo,pos,\[掌宝星星眼\]
[织],weibo,pos,\[织\]
[勝利],wechat,pos,\[勝利\]
[Laugh],wechat,pos,\[Laugh\]
[Scowl],wechat,neu,\[Scowl\]
[冲锋队员],weibo,pos,\[冲锋队员\]
[加好友],douyin,pos,\[加好友\]
[幻视],weibo,pos,\[幻视\]
[看涨],weibo,pos,\[看涨\]
[文明遛狗],weibo,pos,\[文明遛狗\]
[草泥马],weibo,pos,\[草泥马\]
[情书],douyin,pos,\[情书\]
[水稻],weibo,pos,\[水稻\]
[米奇喜欢],weibo,pos,\[米奇喜欢\]
[米妮紧张],weibo,pos,\[米妮紧张\]
[Clap],wechat,pos,\[Clap\]
[炸鸡啤酒],weibo,pos,\[炸鸡啤酒\]
[V5],douyin,pos,\[V5\]
[三三蹦跳],weibo,pos,\[三三蹦跳\]
[2021],weibo,pos,\[2021\]
[气球],douyin,pos,\[气球\]
[可乐],weibo,pos,\[可乐\]
[牛轰轰拥抱],weibo,pos,\[牛轰轰拥抱\]
[熊吉],douyin,pos,\[熊吉\]
[再見],wechat,neu,\[再見\]
[火],douyin,pos,\[火\]
[Tremble],wechat,neu,\[Tremble\]
[Happy],wechat,pos,\[Happy\]
[嘆息],wechat,neu,\[嘆息\]
[Blessing],wechat,pos,\[Blessing\]
[握爪],douyin,pos,\[握爪\]
[转发],weibo,pos,\[转发\]
[勤洗手],douyin,pos,\[勤洗手\]
[红灯笼],weibo,pos,\[红灯笼\]
[吃狗粮],weibo,pos,\[吃狗粮\]
[冷漠],douyin,neu,\[冷漠\]
[戴口罩],douyin,pos,\[戴口罩\]
[我酸了],douyin,pos,\[我酸了\]
[Determined],wechat,pos,\[Determined\]
[Angry],wechat,neg,\[Angry\]
[Firecracker],wechat,pos,\[Firecracker\]
[ali做鬼脸],weibo,pos,\[ali做鬼脸\]
[ala么么],weibo,pos,\[ala么么\]
[为爱发光],weibo,pos,\[为爱发光\]
[牛牛哒],weibo,pos,\[牛牛哒\]
[推荐],weibo,pos,\[推荐\]
[飞镖黄跳舞],weibo,pos,\[飞镖黄跳舞\]
[陰險],wechat,pos,\[陰險\]
[Shocked],wechat,neu,\[Shocked\]
[KeepFighting],wechat,pos,\[KeepFighting\]
[Sweat],wechat,pos,\[Sweat\]
[悲傷],weibo,neu,\[悲傷\]
[掌宝可怜],weibo,pos,\[掌宝可怜\]
[打臉],wechat,neu,\[打臉\]
[牡丹],weibo,pos,\[牡丹\]
[撒花],douyin,pos,\[撒花\]
[Lips],wechat,pos,\[Lips\]
[Sweats],wechat,neu,\[Sweats\]
[LetDown],wechat,neu,\[LetDown\]
[BOBO爱你],weibo,pos,\[BOBO爱你\]
[达斯维达],weibo,pos,\[达斯维达\]
[Beckon],wechat,pos,\[Beckon\]
[萌翻],weibo,pos,\[萌翻\]
[轉圈],wechat,pos,\[轉圈\]
[Duh],wechat,neu,\[Duh\]
[胡巴伤心],weibo,neu,\[胡巴伤心\]
[難過],wechat,neu,\[難過\]
[BrokenHeart],wechat,neg,\[BrokenHeart\]
[Sick],wechat,neu,\[Sick\]
[Wilt],wechat,neg,\[Wilt\]
[扎心],douyin,neu,\[扎心\]
[炸鸡腿],weibo,pos,\[炸鸡腿\]
[爱],"wechat,weibo",pos,\[爱\]
[Frown],wechat,neu,\[Frown\]
[Shrunken],wechat,neu,\[Shrunken\]
[小V生气],weibo,pos,\[小V生气\]
[Flushed],wechat,neu,\[Flushed\]
[左上],douyin,neu,\[左上\]
[吻],douyin,pos,\[吻\]
[尷尬],wechat,neu,\[尷尬\]
[小黄人惊讶],weibo,pos,\[小黄人惊讶\]
[右边],douyin,neu,\[右边\]
[ali不公平],weibo,neu,\[ali不公平\]
[Tongue],wechat,pos,\[Tongue\]
[ali吐血],weibo,neu,\[ali吐血\]
[din抓狂],weibo,neu,\[din抓狂\]
[Sun],wechat,pos,\[Sun\]
[BB8],weibo,pos,\[BB8\]
[小黄人委屈],weibo,neu,\[小黄人委屈\]
[小黄人无奈],weibo,neu,\[小黄人无奈\]
[小黄人微笑],weibo,pos,\[小黄人微笑\]
[哪吒开心],weibo,pos,\[哪吒开心\]
[悠閑],wechat,neu,\[悠閑\]
[丘巴卡],weibo,pos,\[丘巴卡\]
[Shake],wechat,pos,\[Shake\]
[小丑],weibo,pos,\[小丑\]
[冰雪奇缘艾莎],weibo,pos,\[冰雪奇缘艾莎\]
[ali冤],weibo,neu,\[ali冤\]
[我爱爸爸],weibo,pos,\[我爱爸爸\]
[胖红生气],weibo,pos,\[胖红生气\]
[BOBO赞],weibo,pos,\[BOBO赞\]
[睡大觉],weibo,pos,\[睡大觉\]
[ali风筝],weibo,pos,\[ali风筝\]
[金牛],weibo,pos,\[金牛\]
[ali想],weibo,pos,\[ali想\]
[ali鲜花],weibo,pos,\[ali鲜花\]
[怕怕],weibo,neu,\[怕怕\]
[R2D2],weibo,pos,\[R2D2\]
[din拍手],weibo,pos,\[din拍手\]
[ko],tiktok,pos,\[ko\]
[欢腾去爱],weibo,pos,\[欢腾去爱\]
[飞个吻],weibo,pos,\[飞个吻\]
[小黄人得意],weibo,pos,\[小黄人得意\]
[欢乐购车季],weibo,pos,\[欢乐购车季\]
[放电抛媚],weibo,pos,\[放电抛媚\]
[爆发],weibo,pos,\[爆发\]
[大毛惊讶],weibo,pos,\[大毛惊讶\]
[灯笼],douyin,pos,\[灯笼\]
[千古玦尘],weibo,pos,\[千古玦尘\]
[Shhh],wechat,neu,\[Shhh\]
[Terror],wechat,neu,\[Terror\]
[戒指],douyin,pos,\[戒指\]
[能量少女耶],weibo,pos,\[能量少女耶\]
[炸弹黑hi],weibo,pos,\[炸弹黑hi\]
[鼾睡],douyin,neu,\[鼾睡\]
[点亮橙色],weibo,pos,\[点亮橙色\]
[小黄人不屑],weibo,neg,\[小黄人不屑\]
[超人爸爸],weibo,pos,\[超人爸爸\]
[去污粉],douyin,neg,\[去污粉\]
[小黄人坏笑],weibo,pos,\[小黄人坏笑\]
[海王],weibo,pos,\[海王\]
[Rich],wechat,pos,\[Rich\]
[佐伊卖萌],weibo,pos,\[佐伊卖萌\]
[凯洛伦],weibo,pos,\[凯洛伦\]
[酷炫街舞给手],weibo,pos,\[酷炫街舞给手\]
[調皮],wechat,pos,\[調皮\]
[bobo抓狂],weibo,neu,\[bobo抓狂\]
[掌宝哭泣],weibo,pos,\[掌宝哭泣\]
[親親],wechat,pos,\[親親\]
[噢耶],weibo,pos,\[噢耶\]
[白羊],weibo,pos,\[白羊\]
[金榜题名],weibo,pos,\[金榜题名\]
[高考必胜],weibo,pos,\[高考必胜\]
[狮子王],weibo,pos,\[狮子王\]
[正义联盟logo],weibo,pos,\[正义联盟logo\]
[ali送礼物],weibo,pos,\[ali送礼物\]
[发呆中],weibo,neu,\[发呆中\]
[给跪了],douyin,neu,\[给跪了\]
[调休],weibo,pos,\[调休\]
[电视机],weibo,pos,\[电视机\]
[风],weibo,pos,\[风\]
[阴天],weibo,neu,\[阴天\]
[gbz得意],weibo,pos,\[gbz得意\]
[gbz真穿越],weibo,pos,\[gbz真穿越\]
[发],douyin,pos,\[发\]
[胖红微笑],weibo,pos,\[胖红微笑\]
[左边],douyin,neu,\[左边\]
[哪吒得意],weibo,pos,\[哪吒得意\]
[汤姆],weibo,pos,\[汤姆\]
[小黄人高兴],weibo,pos,\[小黄人高兴\]
[雪花],weibo,pos,\[雪花\]
[牛大发],weibo,pos,\[牛大发\]
[加鸡腿],douyin,pos,\[加鸡腿\]
[小黄人白眼],weibo,neu,\[小黄人白眼\]
[糗大了],wechat,neu,\[糗大了\]
[Smug],wechat,neu,\[Smug\]
[暈],wechat,neu,\[暈\]
[Pig],wechat,pos,\[Pig\]
[奮鬥],wechat,pos,\[奮鬥\]
[哪吒委屈],weibo,neu,\[哪吒委屈\]
[ala爱国],weibo,pos,\[ala爱国\]
[ali转圈哭],weibo,pos,\[ali转圈哭\]
[加油啊],weibo,pos,\[加油啊\]
[ali蹭],weibo,pos,\[ali蹭\]
[ali来吧],weibo,pos,\[ali来吧\]
[ali飞],weibo,pos,\[ali飞\]
[ali哇],weibo,pos,\[ali哇\]
[ali追],weibo,pos,\[ali追\]
[Toasted],wechat,neu,\[Toasted\]
[右太极],wechat,pos,\[右太极\]
[吓],wechat,neu,\[吓\]
[Beer],wechat,pos,\[Beer\]
[Watermelon],wechat,pos,\[Watermelon\]
[Coffee],wechat,pos,\[Coffee\]
[展览锦鲤],wechat,pos,\[展览锦鲤\]
[Speechless],wechat,neu,\[Speechless\]
[Yawn],wechat,neu,\[Yawn\]
[Packet],wechat,pos,\[Packet\]
[Fist],wechat,pos,\[Fist\]
[Puke],wechat,neg,\[Puke\]
[真诚脸],wechat,pos,\[真诚脸\]
[期待],wechat,pos,\[期待\]
[Dizzy],wechat,neu,\[Dizzy\]
[Peace],wechat,pos,\[Peace\]
[Drowsy],wechat,neu,\[Drowsy\]
[武汉加油],weibo,pos,\[武汉加油\]
[din撞墙],weibo,neu,\[din撞墙\]
[胖红拽],weibo,pos,\[胖红拽\]
[小V开心],weibo,pos,\[小V开心\]
[蕾伊],weibo,pos,\[蕾伊\]
[小猪惊讶],weibo,pos,\[小猪惊讶\]
[Surprise],wechat,pos,\[Surprise\]
[Slight],wechat,neu,\[Slight\]
[Scream],wechat,neg,\[Scream\]
[Awkward],wechat,neu,\[Awkward\]
[鄙視],wechat,neg,\[鄙視\]
[微笑],wechat,pos,\[微笑\]
[撇嘴],wechat,neu,\[撇嘴\]
[色],wechat,pos,\[色\]
[得意],wechat,pos,\[得意\]
[害羞],wechat,pos,\[害羞\]
[閉嘴],wechat,neu,\[閉嘴\]
[睡],wechat,neu,\[睡\]
[大哭],wechat,neu,\[大哭\]
[發怒],wechat,neg,\[發怒\]
[呲牙],wechat,pos,\[呲牙\]
[驚訝],wechat,pos,\[驚訝\]
[酷],wechat,pos,\[酷\]
[囧],wechat,neu,\[囧\]
[抓狂],wechat,neg,\[抓狂\]
[吐],wechat,neg,\[吐\]
[偷笑],wechat,pos,\[偷笑\]
[愉快],wechat,pos,\[愉快\]
[白眼],wechat,neu,\[白眼\]
[困],wechat,neu,\[困\]
[驚恐],wechat,neg,\[驚恐\]
[大笑],wechat,pos,\[大笑\]
[悠闲],wechat,neu,\[悠闲\]
[咒罵],wechat,neg,\[咒罵\]
[疑問],wechat,neu,\[疑問\]
[噓],wechat,neu,\[噓\]
[衰],wechat,neu,\[衰\]
[骷髏頭],wechat,neu,\[骷髏頭\]
[敲打],wechat,neu,\[敲打\]
[擦汗],wechat,neu,\[擦汗\]
[鼓掌],wechat,pos,\[鼓掌\]
[壞笑],wechat,pos,\[壞笑\]
[左哼哼],wechat,neu,\[左哼哼\]
[右哼哼],wechat,neu,\[右哼哼\]
[哈欠],wechat,neu,\[哈欠\]
[委屈],wechat,neu,\[委屈\]
[快哭了],wechat,neu,\[快哭了\]
[嚇],wechat,neu,\[嚇\]
[可憐],wechat,neu,\[可憐\]
[笑臉],wechat,pos,\[笑臉\]
[生病],wechat,neu,\[生病\]
[臉紅],wechat,neu,\[臉紅\]
[破涕為笑],wechat,pos,\[破涕為笑\]
[恐懼],wechat,neu,\[恐懼\]
[失望],wechat,neu,\[失望\]
[無語],wechat,neu,\[無語\]
[奸笑],wechat,pos,\[奸笑\]
[吃瓜],wechat,pos,\[吃瓜\]
[加油],wechat,pos,\[加油\]
[汗],wechat,neu,\[汗\]
[旺柴],wechat,pos,\[旺柴\]
[好的],wechat,pos,\[好的\]
[翻白眼],wechat,neu,\[翻白眼\]
[666],wechat,pos,\[666\]
[嘴唇],wechat,pos,\[嘴唇\]
[心碎],wechat,neg,\[心碎\]
[弱],wechat,neg,\[弱\]
[握手],wechat,pos,\[握手\]
[抱拳],wechat,pos,\[抱拳\]
[勾引],wechat,pos,\[勾引\]
[拳頭],wechat,pos,\[拳頭\]
[OK],wechat,pos,\[OK\]
[啤酒],wechat,pos,\[啤酒\]
[咖啡],wechat,pos,\[咖啡\]
[蛋糕],wechat,pos,\[蛋糕\]
[玫瑰],wechat,pos,\[玫瑰\]
[枯萎],wechat,neg,\[枯萎\]
[炸彈],wechat,pos,\[炸彈\]
[月亮],wechat,pos,\[月亮\]
[太陽],wechat,pos,\[太陽\]
[慶祝],wechat,pos,\[慶祝\]
[禮物],wechat,pos,\[禮物\]
[福],wechat,pos,\[福\]
[煙花],wechat,pos,\[煙花\]
[爆竹],wechat,pos,\[爆竹\]
[豬頭],wechat,pos,\[豬頭\]
[西瓜],wechat,pos,\[西瓜\]
[籃球],wechat,pos,\[籃球\]
[乒乓],wechat,pos,\[乒乓\]
[飯],wechat,pos,\[飯\]
[閃電],wechat,neu,\[閃電\]
[差勁],wechat,neg,\[差勁\]
[愛你],wechat,pos,\[愛你\]
[NO],wechat,neu,\[NO\]
[愛情],wechat,pos,\[愛情\]
[飛吻],wechat,pos,\[飛吻\]
[回頭],wechat,neu,\[回頭\]
[磕頭],wechat,neu,\[磕頭\]
[激動],wechat,pos,\[激動\]
[獻吻],wechat,pos,\[獻吻\]
[左太極],wechat,pos,\[左太極\]
[右太極],wechat,pos,\[右太極\]
[发呆],wechat,neu,\[发呆\]
[流泪],wechat,neu,\[流泪\]
[闭嘴],wechat,neu,\[闭嘴\]
[尴尬],wechat,neu,\[尴尬\]
[发怒],wechat,neg,\[发怒\]
[调皮],wechat,pos,\[调皮\]
[惊讶],wechat,pos,\[惊讶\]
[难过],wechat,neu,\[难过\]
[惊恐],wechat,neg,\[惊恐\]
[憨笑],wechat,pos,\[憨笑\]
[咒骂],wechat,neg,\[咒骂\]
[疑问],wechat,neu,\[疑问\]
[嘘],wechat,neu,\[嘘\]
[晕],wechat,neu,\[晕\]
[骷髅],wechat,neu,\[骷髅\]
[再见],wechat,neu,\[再见\]
[抠鼻],wechat,neu,\[抠鼻\]
[坏笑],wechat,pos,\[坏笑\]
[鄙视],wechat,neg,\[鄙视\]
[阴险],wechat,pos,\[阴险\]
[亲亲],wechat,pos,\[亲亲\]
[可怜],wechat,neu,\[可怜\]
[破涕为笑],wechat,pos,\[破涕为笑\]
[恐惧],wechat,neu,\[恐惧\]
[嘿哈],wechat,pos,\[嘿哈\]
[捂脸],wechat,pos,\[捂脸\]
[机智],wechat,pos,\[机智\]
[皱眉],wechat,neu,\[皱眉\]
[耶],wechat,pos,\[耶\]
[打脸],wechat,neu,\[打脸\]
[叹气],wechat,neu,\[叹气\]
[裂开],wechat,neu,\[裂开\]
[苦涩],wechat,neu,\[苦涩\]
[爱心],wechat,pos,\[爱心\]
[拥抱],wechat,pos,\[拥抱\]
[强],wechat,pos,\[强\]
[胜利],wechat,pos,\[胜利\]
[拳头],wechat,pos,\[拳头\]
[太阳],wechat,pos,\[太阳\]
[礼物],wechat,pos,\[礼物\]
[红包],wechat,pos,\[红包\]
[烟花],wechat,pos,\[烟花\]
[猪头],wechat,pos,\[猪头\]
[篮球],wechat,pos,\[篮球\]
[饭],wechat,pos,\[饭\]
[闪电],wechat,neu,\[闪电\]
[奋斗],wechat,pos,\[奋斗\]
[差劲],wechat,neg,\[差劲\]
[爱你],wechat,pos,\[爱你\]
[爱情],wechat,pos,\[爱情\]
[飞吻],wechat,pos,\[飞吻\]
[回头],wechat,neu,\[回头\]
[磕头],wechat,neu,\[磕头\]
[激动],wechat,pos,\[激动\]
[献吻],wechat,pos,\[献吻\]
[左太极],wechat,pos,\[左太极\]
[Shy],wechat,pos,\[Shy\]
[Silent],wechat,neu,\[Silent\]
[Sleep],wechat,neu,\[Sleep\]
[Ruthless],wechat,pos,\[Ruthless\]
[Tormented],wechat,neg,\[Tormented\]
[Panic],wechat,neg,\[Panic\]
[Commando],wechat,neu,\[Commando\]
[Scold],wechat,neg,\[Scold\]
[Skull],wechat,neu,\[Skull\]
[Hammer],wechat,neu,\[Hammer\]
[Wave],wechat,neu,\[Wave\]
[Bah！L],wechat,neu,\[Bah！L\]
[Bah！R],wechat,neu,\[Bah！R\]
[Pooh-pooh],wechat,neg,\[Pooh-pooh\]
[Wrath],wechat,neu,\[Wrath\]
[Facepalm],wechat,pos,\[Facepalm\]
[Yeah!],wechat,pos,\[Yeah!\]
[ThumbsDown],wechat,neg,\[ThumbsDown\]
[Cake],wechat,pos,\[Cake\]
[Cleaver],wechat,neg,\[Cleaver\]
[Bomb],wechat,pos,\[Bomb\]
[Poop],wechat,neu,\[Poop\]
[Moon],wechat,pos,\[Moon\]
[Gift],wechat,pos,\[Gift\]
[Basketball],wechat,pos,\[Basketball\]
[PingPong],wechat,pos,\[PingPong\]
[Rice],wechat,pos,\[Rice\]
[Lightning],wechat,neu,\[Lightning\]
[Shame],wechat,neu,\[Shame\]
[可爱],weibo,pos,\[可爱\]
[太开心],weibo,pos,\[太开心\]
[嘻嘻],weibo,pos,\[嘻嘻\]
[哈哈],weibo,pos,\[哈哈\]
[笑cry],weibo,pos,\[笑cry\]
[挤眼],weibo,pos,\[挤眼\]
[馋嘴],weibo,pos,\[馋嘴\]
[黑线],weibo,neu,\[黑线\]
[哼],weibo,neu,\[哼\]
[悲伤],weibo,neu,\[悲伤\]
[泪],weibo,neu,\[泪\]
[允悲],weibo,pos,\[允悲\]
[憧憬],weibo,pos,\[憧憬\]
[舔屏],weibo,pos,\[舔屏\]
[思考],weibo,neu,\[思考\]
[傻眼],weibo,neu,\[傻眼\]
[互粉],weibo,pos,\[互粉\]
[钱],weibo,pos,\[钱\]
[打call],weibo,pos,\[打call\]
[牛年大吉],weibo,pos,\[牛年大吉\]
[doge],weibo,pos,\[doge\]
[二哈],weibo,pos,\[二哈\]
[摊手],weibo,neu,\[摊手\]
[跪了],weibo,pos,\[跪了\]
[迎福运],weibo,pos,\[迎福运\]
[福到了],weibo,pos,\[福到了\]
[丘比特],weibo,pos,\[丘比特\]
[奶瓶],weibo,pos,\[奶瓶\]
[百事可乐],weibo,pos,\[百事可乐\]
[微笑趣泡],weibo,pos,\[微笑趣泡\]
[红围脖],weibo,pos,\[红围脖\]
[2022],weibo,pos,\[2022\]
[小雪人],weibo,pos,\[小雪人\]
[雪刀],weibo,pos,\[雪刀\]
[风起洛阳],weibo,pos,\[风起洛阳\]
[开学季],weibo,pos,\[开学季\]
[赢牛奶],weibo,pos,\[赢牛奶\]
[心],weibo,pos,\[心\]
[伤心],weibo,neg,\[伤心\]
[赞],weibo,pos,\[赞\]
[ok],weibo,pos,\[ok\]
[奥特曼],weibo,pos,\[奥特曼\]
[给力],weibo,pos,\[给力\]
[羞嗒嗒],weibo,pos,\[羞嗒嗒\]
[好喜欢],weibo,pos,\[好喜欢\]
[圣诞老人111],weibo,pos,\[圣诞老人111\]
[五仁月饼_旧],weibo,pos,\[五仁月饼_旧\]
[给你小心心],weibo,pos,\[给你小心心\]
[圣诞袜],weibo,pos,\[圣诞袜\]
[圣诞帽],weibo,pos,\[圣诞帽\]
[平安果],weibo,pos,\[平安果\]
[姜饼人],weibo,pos,\[姜饼人\]
[欢度国庆],weibo,pos,\[欢度国庆\]
[七夕布谷鸟],weibo,pos,\[七夕布谷鸟\]
[撒狗粮],weibo,pos,\[撒狗粮\]
[求脱单],weibo,pos,\[求脱单\]
[这就是街舞3],weibo,pos,\[这就是街舞3\]
[毛巾助力],weibo,pos,\[毛巾助力\]
[超新星运动会],weibo,pos,\[超新星运动会\]
[父与子],weibo,pos,\[父与子\]
[棒棒糖],weibo,pos,\[棒棒糖\]
[纸飞机],weibo,pos,\[纸飞机\]
[锦鲤],weibo,pos,\[锦鲤\]
[绿植领养],weibo,pos,\[绿植领养\]
[绿植挖土],weibo,pos,\[绿植挖土\]
[绿植托脸],weibo,pos,\[绿植托脸\]
[绿植乖巧],weibo,pos,\[绿植乖巧\]
[C3PO],weibo,pos,\[C3PO\]
[哆啦A梦害怕],weibo,neg,\[哆啦A梦害怕\]
[哆啦A梦微笑],weibo,pos,\[哆啦A梦微笑\]
[小黄人剪刀手],weibo,pos,\[小黄人剪刀手\]
[害羞R],xiaohongshu,pos,\[害羞R\]
[失望R],xiaohongshu,neu,\[失望R\]
[汗颜R],xiaohongshu,neu,\[汗颜R\]
[哇R],xiaohongshu,pos,\[哇R\]
[偷笑R],xiaohongshu,pos,\[偷笑R\]
[飞吻R],xiaohongshu,pos,\[飞吻R\]
[石化R],xiaohongshu,neg,\[石化R\]
[笑哭R],xiaohongshu,pos,\[笑哭R\]
[赞R],xiaohongshu,pos,\[赞R\]
[大笑R],xiaohongshu,pos,\[大笑R\]
[哭惹R],xiaohongshu,neu,\[哭惹R\]
[斜眼R],xiaohongshu,pos,\[斜眼R\]
[皱眉R],xiaohongshu,pos,\[皱眉R\]
[捂脸R],xiaohongshu,pos,\[捂脸R\]
[派对R],xiaohongshu,pos,\[派对R\]
[色色],xiaohongshu,pos,\[色色\]
[石化],xiaohongshu,neg,\[石化\]
[candy],douyin,pos,\[candy\]
[糖葫芦],douyin,pos,\[糖葫芦\]
[虎头],douyin,pos,\[虎头\]
[饺子],douyin,pos,\[饺子\]
[鞭炮],douyin,pos,\[鞭炮\]
[元宝],douyin,pos,\[元宝\]
[汤圆],douyin,pos,\[汤圆\]
[yyds],douyin,pos,\[yyds\]
[emo],douyin,pos,\[emo\]
[雪人],douyin,pos,\[雪人\]
[圣诞树],douyin,pos,\[圣诞树\]
[蕉绿],douyin,neu,\[蕉绿\]
[屎],douyin,neu,\[屎\]
[我太难了],douyin,neu,\[我太难了\]
[18禁],douyin,neg,\[18禁\]
[强壮],douyin,pos,\[强壮\]
[惊喜],douyin,pos,\[惊喜\]
[绿帽子],douyin,neu,\[绿帽子\]
[暗中观察],douyin,pos,\[暗中观察\]
[菜狗],douyin,pos,\[菜狗\]
[干饭人],douyin,pos,\[干饭人\]
[吐舌],douyin,neu,\[吐舌\]
[看],douyin,pos,\[看\]
[笑哭],douyin,pos,\[笑哭\]
[泪奔],douyin,pos,\[泪奔\]
[感谢],douyin,pos,\[感谢\]
[泣不成声],douyin,pos,\[泣不成声\]
[超话],comments,pos,\[超话\]
[米奇比心],comments,pos,\[米奇比心\]
[小红花],comments,pos,\[小红花\]
[迷雾剧场],comments,pos,\[迷雾剧场\]
[桃花],comments,pos,\[桃花\]
[五仁月饼新],comments,pos,\[五仁月饼新\]
[圆月],comments,pos,\[圆月\]
[開學季],comments,pos,\[開學季\]
[ali亲一个],comments,pos,\[ali亲一个\]
[米奇飞吻],comments,pos,\[米奇飞吻\]
[呵呵],comments,pos,\[呵呵\]
[ali美好],comments,pos,\[ali美好\]
[冰雪奇缘雪宝],comments,pos,\[冰雪奇缘雪宝\]
[米奇爱你],comments,pos,\[米奇爱你\]
[可愛],comments,pos,\[可愛\]
[贊],comments,pos,\[贊\]
[太開心],comments,pos,\[太開心\]
[鮮花],comments,pos,\[鮮花\]
[饞嘴],comments,pos,\[饞嘴\]
[給你小心心],comments,pos,\[給你小心心\]
[贏牛奶],comments,pos,\[贏牛奶\]
[好喜歡],comments,pos,\[好喜歡\]
[超話],comments,pos,\[超話\]
[擠眼],comments,pos,\[擠眼\]
[好愛哦],comments,pos,\[好愛哦\]
[笑而不語],comments,pos,\[笑而不語\]
[求關注],comments,pos,\[求關注\]
[贊啊],comments,pos,\[贊啊\]
[單身狗],comments,neu,\[單身狗\]
[並不簡單],comments,pos,\[並不簡單\]
[春遊家族],comments,pos,\[春遊家族\]
[給力],comments,pos,\[給力\]
[偷樂],comments,pos,\[偷樂\]
[中國贊],comments,pos,\[中國贊\]
[微風],comments,pos,\[微風\]
[小紅花],comments,pos,\[小紅花\]
[求饒],comments,pos,\[求饒\]
[裂開],comments,neu,\[裂開\]
[奧特曼],comments,pos,\[奧特曼\]
[費解],comments,neu,\[費解\]
[攤手],comments,neu,\[攤手\]
[傑瑞],comments,pos,\[傑瑞\]
[黑線],comments,neu,\[黑線\]
[乾杯],comments,pos,\[乾杯\]
[迷霧劇場],comments,pos,\[迷霧劇場\]
[掌寶熒光棒],comments,pos,\[掌寶熒光棒\]
[掌寶愛心],comments,pos,\[掌寶愛心\]
[哆啦A夢微笑],comments,pos,\[哆啦A夢微笑\]
[哆啦A夢吃驚],comments,pos,\[哆啦A夢吃驚\]
[傷心],comments,neg,\[傷心\]
[航天員],comments,pos,\[航天員\]
[熊貓],comments,pos,\[熊貓\]
[圍觀],comments,pos,\[圍觀\]
[哆啦A夢害怕],comments,neu,\[哆啦A夢害怕\]
[來],comments,pos,\[來\]
[鋼鐵俠],comments,pos,\[鋼鐵俠\]
[吃驚],comments,neu,\[吃驚\]
[飛機],comments,pos,\[飛機\]
[怒罵],comments,neg,\[怒罵\]
[帶著微博去旅行],comments,pos,\[帶著微博去旅行\]
[蠟燭],comments,pos,\[蠟燭\]
[音樂],comments,pos,\[音樂\]
[五仁月餅新],comments,pos,\[五仁月餅新\]
[大偵探皮卡丘微笑],comments,pos,\[大偵探皮卡丘微笑\]
[哆啦A夢花心],comments,pos,\[哆啦A夢花心\]
[錢],comments,pos,\[錢\]
[浮雲],comments,pos,\[浮雲\]
[男孩兒],comments,pos,\[男孩兒\]
[弗萊見錢眼開],comments,pos,\[弗萊見錢眼開\]
[圓月],comments,pos,\[圓月\]
[美國隊長],comments,pos,\[美國隊長\]
[頂],comments,neu,\[頂\]
[生而為贏],comments,pos,\[生而為贏\]
[女孩兒],comments,pos,\[女孩兒\]
[蜘蛛俠],comments,pos,\[蜘蛛俠\]
[驚奇隊長],comments,pos,\[驚奇隊長\]
[話筒],comments,pos,\[話筒\]
[掌寶加油],comments,pos,\[掌寶加油\]
[鷹眼],comments,pos,\[鷹眼\]
[奇異博士],comments,pos,\[奇異博士\]
[馬到成功],comments,pos,\[馬到成功\]
[聖誕老人],comments,pos,\[聖誕老人\]
[ali親一個],comments,pos,\[ali親一個\]
[炸雞啤酒],comments,pos,\[炸雞啤酒\]
[米奇飛吻],comments,pos,\[米奇飛吻\]
[牛轟轟擁抱],comments,pos,\[牛轟轟擁抱\]
[紅燈籠],comments,pos,\[紅燈籠\]
[吃狗糧],comments,pos,\[吃狗糧\]
[冰雪奇緣雪寶],comments,pos,\[冰雪奇緣雪寶\]
[米奇愛你],comments,pos,\[米奇愛你\]
[Laughwithtears],comments,pos,\[Laughwithtears\]
[Yummy],comments,pos,\[Yummy\]
[Good],comments,pos,\[Good\]
[Lovely],comments,pos,\[Lovely\]
[Funnyface],comments,pos,\[Funnyface\]
[Loveface],comments,pos,\[Loveface\]
[Thinking],comments,pos,\[Thinking\]
[Blink],comments,pos,\[Blink\]
[Awsl],comments,pos,\[Awsl\]
[Cute],comments,pos,\[Cute\]
[Hehe],comments,pos,\[Hehe\]
[Excited],comments,pos,\[Excited\]
[Ok],comments,pos,\[Ok\]
[Haha],comments,pos,\[Haha\]
[Angel],comments,pos,\[Angel\]
[Thumbsup],comments,pos,\[Thumbsup\]
[Goforit],comments,pos,\[Goforit\]
[Noprob],comments,pos,\[Noprob\]
[Pride],comments,pos,\[Pride\]
[Coolguy],comments,pos,\[Coolguy\]
[Iloveyou],comments,pos,\[Iloveyou\]
[Awesome],comments,pos,\[Awesome\]
[Nosepick],comments,pos,\[Nosepick\]
[Tearingup],comments,neg,\[Tearingup\]
[Mybad],comments,neu,\[Mybad\]
[Brokenheart],comments,neg,\[Brokenheart\]
[Love],comments,pos,\[Love\]
[laughwithtears],comments,pos,\[laughwithtears\]
[happy],comments,pos,\[happy\]
[drool],comments,pos,\[drool\]
[yummy],comments,pos,\[yummy\]
[lovely],comments,pos,\[lovely\]
[scream],comments,neg,\[scream\]
[emm],comments,neu,\[emm\]
[funnyface],comments,pos,\[funnyface\]
[loveface],comments,pos,\[loveface\]
[thinking],comments,pos,\[thinking\]
[blink],comments,pos,\[blink\]
[angry],comments,neg,\[angry\]
[facepalm],comments,pos,\[facepalm\]
[joyful],comments,pos,\[joyful\]
[cute],comments,pos,\[cute\]
[hehe],comments,pos,\[hehe\]
[laugh],comments,pos,\[laugh\]
[excited],comments,pos,\[excited\]
[lol],comments,pos,\[lol\]
[wow],comments,pos,\[wow\]
[smirk],comments,pos,\[smirk\]
[grin],comments,pos,\[grin\]
[hey],comments,pos,\[hey\]
[angel],comments,pos,\[angel\]
[heart],comments,pos,\[heart\]
[rose],comments,pos,\[rose\]
[chuckle],comments,pos,\[chuckle\]
[smart],comments,pos,\[smart\]
[thumbsup],comments,pos,\[thumbsup\]
[party],comments,pos,\[party\]
[respect],comments,pos,\[respect\]
[onlooker],comments,pos,\[onlooker\]
[goforit],comments,pos,\[goforit\]
[blush],comments,neu,\[blush\]
[noprob],comments,pos,\[noprob\]
[shy],comments,pos,\[shy\]
[fireworks],comments,pos,\[fireworks\]
[salute],comments,pos,\[salute\]
[pride],comments,pos,\[pride\]
[whimper],comments,neu,\[whimper\]
[coolguy],comments,pos,\[coolguy\]
[hug],comments,pos,\[hug\]
[kiss],comments,pos,\[kiss\]
[worship],comments,pos,\[worship\]
[twirl],comments,pos,\[twirl\]
[awesome],comments,pos,\[awesome\]
[trick],comments,pos,\[trick\]
[waddle],comments,pos,\[waddle\]
[nosepick],comments,pos,\[nosepick\]
[bye],comments,neu,\[bye\]
[tearingup],comments,neg,\[tearingup\]
[sly],comments,pos,\[sly\]
[mybad],comments,neu,\[mybad\]
[clap],comments,pos,\[clap\]
[blessing],comments,pos,\[blessing\]
[firecracker],comments,pos,\[firecracker\]
[lips],comments,pos,\[lips\]
[gift],comments,pos,\[gift\]
[brokenheart],comments,neg,\[brokenheart\]
[wilt],comments,neg,\[wilt\]
[tongue],comments,pos,\[tongue\]
[sun],comments,pos,\[sun\]
[shake],comments,pos,\[shake\]
[rich],comments,pos,\[rich\]
[love],comments,pos,\[love\]
[toasted],comments,neu,\[toasted\]
[beer],comments,pos,\[beer\]
[watermelon],comments,pos,\[watermelon\]
[coffee],comments,pos,\[coffee\]
[packet],comments,pos,\[packet\]
[fist],comments,pos,\[fist\]
[peace],comments,pos,\[peace\]
